"DomainDNS","ObjectDN","ObjectType","SamAccountName","IsProtectedByAdminSDHolder","Trustee","TrusteeShortName","AccessControlType","ActiveDirectoryRights","IsInherited","IsSafePrincipal","IsDangerousForProtectedObjects"
"child.mathiasmotron.com","CN=Account Operators,CN=Builtin,DC=child,DC=mathiasmotron,DC=com","Group","Account Operators","True","BUILTIN\Administrators","BUILTIN\Administrators","Allow","CreateChild, DeleteChild, Self, WriteProperty, ExtendedRight, Delete, GenericRead, WriteDacl, WriteOwner","False","True","False"
"child.mathiasmotron.com","CN=Account Operators,CN=Builtin,DC=child,DC=mathiasmotron,DC=com","Group","Account Operators","True","CHILD\Cert Publishers","CHILD\Cert Publishers","Allow","ReadProperty, WriteProperty","False","True","False"
"child.mathiasmotron.com","CN=Account Operators,CN=Builtin,DC=child,DC=mathiasmotron,DC=com","Group","Account Operators","True","CHILD\Domain Admins","CHILD\Domain Admins","Allow","CreateChild, DeleteChild, Self, WriteProperty, ExtendedRight, GenericRead, WriteDacl, WriteOwner","False","True","False"
"child.mathiasmotron.com","CN=Account Operators,CN=Builtin,DC=child,DC=mathiasmotron,DC=com","Group","Account Operators","True","Everyone","Everyone","Allow","ExtendedRight","False","True","False"
"child.mathiasmotron.com","CN=Account Operators,CN=Builtin,DC=child,DC=mathiasmotron,DC=com","Group","Account Operators","True","MATHIASMOTRON\Enterprise Admins","MATHIASMOTRON\Enterprise Admins","Allow","CreateChild, DeleteChild, Self, WriteProperty, ExtendedRight, GenericRead, WriteDacl, WriteOwner","False","False","True"
"child.mathiasmotron.com","CN=Account Operators,CN=Builtin,DC=child,DC=mathiasmotron,DC=com","Group","Account Operators","True","NT AUTHORITY\Authenticated Users","NT AUTHORITY\Authenticated Users","Allow","GenericRead","False","True","False"
"child.mathiasmotron.com","CN=Account Operators,CN=Builtin,DC=child,DC=mathiasmotron,DC=com","Group","Account Operators","True","NT AUTHORITY\SELF","NT AUTHORITY\SELF","Allow","ExtendedRight","False","True","False"
"child.mathiasmotron.com","CN=Account Operators,CN=Builtin,DC=child,DC=mathiasmotron,DC=com","Group","Account Operators","True","NT AUTHORITY\SELF","NT AUTHORITY\SELF","Allow","ReadProperty, WriteProperty, ExtendedRight","False","True","False"
"child.mathiasmotron.com","CN=Account Operators,CN=Builtin,DC=child,DC=mathiasmotron,DC=com","Group","Account Operators","True","NT AUTHORITY\SYSTEM","NT AUTHORITY\SYSTEM","Allow","GenericAll","False","True","False"
"child.mathiasmotron.com","CN=Account Operators,CN=Builtin,DC=child,DC=mathiasmotron,DC=com","Group","Account Operators","True","S-1-5-32-554","S-1-5-32-554","Allow","ReadProperty","False","False","True"
"child.mathiasmotron.com","CN=Account Operators,CN=Builtin,DC=child,DC=mathiasmotron,DC=com","Group","Account Operators","True","S-1-5-32-554","S-1-5-32-554","Allow","ReadProperty","False","False","True"
"child.mathiasmotron.com","CN=Account Operators,CN=Builtin,DC=child,DC=mathiasmotron,DC=com","Group","Account Operators","True","S-1-5-32-554","S-1-5-32-554","Allow","ReadProperty","False","False","True"
"child.mathiasmotron.com","CN=Account Operators,CN=Builtin,DC=child,DC=mathiasmotron,DC=com","Group","Account Operators","True","S-1-5-32-554","S-1-5-32-554","Allow","GenericRead","False","False","True"
"child.mathiasmotron.com","CN=Account Operators,CN=Builtin,DC=child,DC=mathiasmotron,DC=com","Group","Account Operators","True","S-1-5-32-554","S-1-5-32-554","Allow","ReadProperty","False","False","True"
"child.mathiasmotron.com","CN=Account Operators,CN=Builtin,DC=child,DC=mathiasmotron,DC=com","Group","Account Operators","True","S-1-5-32-554","S-1-5-32-554","Allow","ReadProperty","False","False","True"
"child.mathiasmotron.com","CN=Account Operators,CN=Builtin,DC=child,DC=mathiasmotron,DC=com","Group","Account Operators","True","S-1-5-32-554","S-1-5-32-554","Allow","GenericRead","False","False","True"
"child.mathiasmotron.com","CN=Account Operators,CN=Builtin,DC=child,DC=mathiasmotron,DC=com","Group","Account Operators","True","S-1-5-32-554","S-1-5-32-554","Allow","ReadProperty","False","False","True"
"child.mathiasmotron.com","CN=Account Operators,CN=Builtin,DC=child,DC=mathiasmotron,DC=com","Group","Account Operators","True","S-1-5-32-554","S-1-5-32-554","Allow","ReadProperty","False","False","True"
"child.mathiasmotron.com","CN=Account Operators,CN=Builtin,DC=child,DC=mathiasmotron,DC=com","Group","Account Operators","True","S-1-5-32-554","S-1-5-32-554","Allow","ReadProperty","False","False","True"
"child.mathiasmotron.com","CN=Account Operators,CN=Builtin,DC=child,DC=mathiasmotron,DC=com","Group","Account Operators","True","S-1-5-32-554","S-1-5-32-554","Allow","ReadProperty","False","False","True"
"child.mathiasmotron.com","CN=Account Operators,CN=Builtin,DC=child,DC=mathiasmotron,DC=com","Group","Account Operators","True","S-1-5-32-560","S-1-5-32-560","Allow","ReadProperty","False","False","True"
"child.mathiasmotron.com","CN=Account Operators,CN=Builtin,DC=child,DC=mathiasmotron,DC=com","Group","Account Operators","True","S-1-5-32-561","S-1-5-32-561","Allow","ReadProperty, WriteProperty","False","False","True"
"child.mathiasmotron.com","CN=Account Operators,CN=Builtin,DC=child,DC=mathiasmotron,DC=com","Group","Account Operators","True","S-1-5-32-561","S-1-5-32-561","Allow","ReadProperty, WriteProperty","False","False","True"
"child.mathiasmotron.com","CN=Administrators,CN=Builtin,DC=child,DC=mathiasmotron,DC=com","Group","Administrators","True","BUILTIN\Administrators","BUILTIN\Administrators","Allow","CreateChild, DeleteChild, Self, WriteProperty, ExtendedRight, Delete, GenericRead, WriteDacl, WriteOwner","False","True","False"
"child.mathiasmotron.com","CN=Administrators,CN=Builtin,DC=child,DC=mathiasmotron,DC=com","Group","Administrators","True","CHILD\Cert Publishers","CHILD\Cert Publishers","Allow","ReadProperty, WriteProperty","False","True","False"
"child.mathiasmotron.com","CN=Administrators,CN=Builtin,DC=child,DC=mathiasmotron,DC=com","Group","Administrators","True","CHILD\Domain Admins","CHILD\Domain Admins","Allow","CreateChild, DeleteChild, Self, WriteProperty, ExtendedRight, GenericRead, WriteDacl, WriteOwner","False","True","False"
"child.mathiasmotron.com","CN=Administrators,CN=Builtin,DC=child,DC=mathiasmotron,DC=com","Group","Administrators","True","Everyone","Everyone","Allow","ExtendedRight","False","True","False"
"child.mathiasmotron.com","CN=Administrators,CN=Builtin,DC=child,DC=mathiasmotron,DC=com","Group","Administrators","True","MATHIASMOTRON\Enterprise Admins","MATHIASMOTRON\Enterprise Admins","Allow","CreateChild, DeleteChild, Self, WriteProperty, ExtendedRight, GenericRead, WriteDacl, WriteOwner","False","False","True"
"child.mathiasmotron.com","CN=Administrators,CN=Builtin,DC=child,DC=mathiasmotron,DC=com","Group","Administrators","True","NT AUTHORITY\Authenticated Users","NT AUTHORITY\Authenticated Users","Allow","GenericRead","False","True","False"
"child.mathiasmotron.com","CN=Administrators,CN=Builtin,DC=child,DC=mathiasmotron,DC=com","Group","Administrators","True","NT AUTHORITY\SELF","NT AUTHORITY\SELF","Allow","ExtendedRight","False","True","False"
"child.mathiasmotron.com","CN=Administrators,CN=Builtin,DC=child,DC=mathiasmotron,DC=com","Group","Administrators","True","NT AUTHORITY\SELF","NT AUTHORITY\SELF","Allow","ReadProperty, WriteProperty, ExtendedRight","False","True","False"
"child.mathiasmotron.com","CN=Administrators,CN=Builtin,DC=child,DC=mathiasmotron,DC=com","Group","Administrators","True","NT AUTHORITY\SYSTEM","NT AUTHORITY\SYSTEM","Allow","GenericAll","False","True","False"
"child.mathiasmotron.com","CN=Administrators,CN=Builtin,DC=child,DC=mathiasmotron,DC=com","Group","Administrators","True","S-1-5-32-554","S-1-5-32-554","Allow","ReadProperty","False","False","True"
"child.mathiasmotron.com","CN=Administrators,CN=Builtin,DC=child,DC=mathiasmotron,DC=com","Group","Administrators","True","S-1-5-32-554","S-1-5-32-554","Allow","ReadProperty","False","False","True"
"child.mathiasmotron.com","CN=Administrators,CN=Builtin,DC=child,DC=mathiasmotron,DC=com","Group","Administrators","True","S-1-5-32-554","S-1-5-32-554","Allow","ReadProperty","False","False","True"
"child.mathiasmotron.com","CN=Administrators,CN=Builtin,DC=child,DC=mathiasmotron,DC=com","Group","Administrators","True","S-1-5-32-554","S-1-5-32-554","Allow","ReadProperty","False","False","True"
"child.mathiasmotron.com","CN=Administrators,CN=Builtin,DC=child,DC=mathiasmotron,DC=com","Group","Administrators","True","S-1-5-32-554","S-1-5-32-554","Allow","ReadProperty","False","False","True"
"child.mathiasmotron.com","CN=Administrators,CN=Builtin,DC=child,DC=mathiasmotron,DC=com","Group","Administrators","True","S-1-5-32-554","S-1-5-32-554","Allow","ReadProperty","False","False","True"
"child.mathiasmotron.com","CN=Administrators,CN=Builtin,DC=child,DC=mathiasmotron,DC=com","Group","Administrators","True","S-1-5-32-554","S-1-5-32-554","Allow","ReadProperty","False","False","True"
"child.mathiasmotron.com","CN=Administrators,CN=Builtin,DC=child,DC=mathiasmotron,DC=com","Group","Administrators","True","S-1-5-32-554","S-1-5-32-554","Allow","ReadProperty","False","False","True"
"child.mathiasmotron.com","CN=Administrators,CN=Builtin,DC=child,DC=mathiasmotron,DC=com","Group","Administrators","True","S-1-5-32-554","S-1-5-32-554","Allow","ReadProperty","False","False","True"
"child.mathiasmotron.com","CN=Administrators,CN=Builtin,DC=child,DC=mathiasmotron,DC=com","Group","Administrators","True","S-1-5-32-554","S-1-5-32-554","Allow","GenericRead","False","False","True"
"child.mathiasmotron.com","CN=Administrators,CN=Builtin,DC=child,DC=mathiasmotron,DC=com","Group","Administrators","True","S-1-5-32-554","S-1-5-32-554","Allow","GenericRead","False","False","True"
"child.mathiasmotron.com","CN=Administrators,CN=Builtin,DC=child,DC=mathiasmotron,DC=com","Group","Administrators","True","S-1-5-32-560","S-1-5-32-560","Allow","ReadProperty","False","False","True"
"child.mathiasmotron.com","CN=Administrators,CN=Builtin,DC=child,DC=mathiasmotron,DC=com","Group","Administrators","True","S-1-5-32-561","S-1-5-32-561","Allow","ReadProperty, WriteProperty","False","False","True"
"child.mathiasmotron.com","CN=Administrators,CN=Builtin,DC=child,DC=mathiasmotron,DC=com","Group","Administrators","True","S-1-5-32-561","S-1-5-32-561","Allow","ReadProperty, WriteProperty","False","False","True"
"child.mathiasmotron.com","CN=Backup Operators,CN=Builtin,DC=child,DC=mathiasmotron,DC=com","Group","Backup Operators","True","BUILTIN\Administrators","BUILTIN\Administrators","Allow","CreateChild, DeleteChild, Self, WriteProperty, ExtendedRight, Delete, GenericRead, WriteDacl, WriteOwner","False","True","False"
"child.mathiasmotron.com","CN=Backup Operators,CN=Builtin,DC=child,DC=mathiasmotron,DC=com","Group","Backup Operators","True","CHILD\Cert Publishers","CHILD\Cert Publishers","Allow","ReadProperty, WriteProperty","False","True","False"
"child.mathiasmotron.com","CN=Backup Operators,CN=Builtin,DC=child,DC=mathiasmotron,DC=com","Group","Backup Operators","True","CHILD\Domain Admins","CHILD\Domain Admins","Allow","CreateChild, DeleteChild, Self, WriteProperty, ExtendedRight, GenericRead, WriteDacl, WriteOwner","False","True","False"
"child.mathiasmotron.com","CN=Backup Operators,CN=Builtin,DC=child,DC=mathiasmotron,DC=com","Group","Backup Operators","True","Everyone","Everyone","Allow","ExtendedRight","False","True","False"
"child.mathiasmotron.com","CN=Backup Operators,CN=Builtin,DC=child,DC=mathiasmotron,DC=com","Group","Backup Operators","True","MATHIASMOTRON\Enterprise Admins","MATHIASMOTRON\Enterprise Admins","Allow","CreateChild, DeleteChild, Self, WriteProperty, ExtendedRight, GenericRead, WriteDacl, WriteOwner","False","False","True"
"child.mathiasmotron.com","CN=Backup Operators,CN=Builtin,DC=child,DC=mathiasmotron,DC=com","Group","Backup Operators","True","NT AUTHORITY\Authenticated Users","NT AUTHORITY\Authenticated Users","Allow","GenericRead","False","True","False"
"child.mathiasmotron.com","CN=Backup Operators,CN=Builtin,DC=child,DC=mathiasmotron,DC=com","Group","Backup Operators","True","NT AUTHORITY\SELF","NT AUTHORITY\SELF","Allow","ExtendedRight","False","True","False"
"child.mathiasmotron.com","CN=Backup Operators,CN=Builtin,DC=child,DC=mathiasmotron,DC=com","Group","Backup Operators","True","NT AUTHORITY\SELF","NT AUTHORITY\SELF","Allow","ReadProperty, WriteProperty, ExtendedRight","False","True","False"
"child.mathiasmotron.com","CN=Backup Operators,CN=Builtin,DC=child,DC=mathiasmotron,DC=com","Group","Backup Operators","True","NT AUTHORITY\SYSTEM","NT AUTHORITY\SYSTEM","Allow","GenericAll","False","True","False"
"child.mathiasmotron.com","CN=Backup Operators,CN=Builtin,DC=child,DC=mathiasmotron,DC=com","Group","Backup Operators","True","S-1-5-32-554","S-1-5-32-554","Allow","ReadProperty","False","False","True"
"child.mathiasmotron.com","CN=Backup Operators,CN=Builtin,DC=child,DC=mathiasmotron,DC=com","Group","Backup Operators","True","S-1-5-32-554","S-1-5-32-554","Allow","GenericRead","False","False","True"
"child.mathiasmotron.com","CN=Backup Operators,CN=Builtin,DC=child,DC=mathiasmotron,DC=com","Group","Backup Operators","True","S-1-5-32-554","S-1-5-32-554","Allow","ReadProperty","False","False","True"
"child.mathiasmotron.com","CN=Backup Operators,CN=Builtin,DC=child,DC=mathiasmotron,DC=com","Group","Backup Operators","True","S-1-5-32-554","S-1-5-32-554","Allow","ReadProperty","False","False","True"
"child.mathiasmotron.com","CN=Backup Operators,CN=Builtin,DC=child,DC=mathiasmotron,DC=com","Group","Backup Operators","True","S-1-5-32-554","S-1-5-32-554","Allow","ReadProperty","False","False","True"
"child.mathiasmotron.com","CN=Backup Operators,CN=Builtin,DC=child,DC=mathiasmotron,DC=com","Group","Backup Operators","True","S-1-5-32-554","S-1-5-32-554","Allow","GenericRead","False","False","True"
"child.mathiasmotron.com","CN=Backup Operators,CN=Builtin,DC=child,DC=mathiasmotron,DC=com","Group","Backup Operators","True","S-1-5-32-554","S-1-5-32-554","Allow","ReadProperty","False","False","True"
"child.mathiasmotron.com","CN=Backup Operators,CN=Builtin,DC=child,DC=mathiasmotron,DC=com","Group","Backup Operators","True","S-1-5-32-554","S-1-5-32-554","Allow","ReadProperty","False","False","True"
"child.mathiasmotron.com","CN=Backup Operators,CN=Builtin,DC=child,DC=mathiasmotron,DC=com","Group","Backup Operators","True","S-1-5-32-554","S-1-5-32-554","Allow","ReadProperty","False","False","True"
"child.mathiasmotron.com","CN=Backup Operators,CN=Builtin,DC=child,DC=mathiasmotron,DC=com","Group","Backup Operators","True","S-1-5-32-554","S-1-5-32-554","Allow","ReadProperty","False","False","True"
"child.mathiasmotron.com","CN=Backup Operators,CN=Builtin,DC=child,DC=mathiasmotron,DC=com","Group","Backup Operators","True","S-1-5-32-554","S-1-5-32-554","Allow","ReadProperty","False","False","True"
"child.mathiasmotron.com","CN=Backup Operators,CN=Builtin,DC=child,DC=mathiasmotron,DC=com","Group","Backup Operators","True","S-1-5-32-560","S-1-5-32-560","Allow","ReadProperty","False","False","True"
"child.mathiasmotron.com","CN=Backup Operators,CN=Builtin,DC=child,DC=mathiasmotron,DC=com","Group","Backup Operators","True","S-1-5-32-561","S-1-5-32-561","Allow","ReadProperty, WriteProperty","False","False","True"
"child.mathiasmotron.com","CN=Backup Operators,CN=Builtin,DC=child,DC=mathiasmotron,DC=com","Group","Backup Operators","True","S-1-5-32-561","S-1-5-32-561","Allow","ReadProperty, WriteProperty","False","False","True"
"child.mathiasmotron.com","CN=Domain Admins,CN=Users,DC=child,DC=mathiasmotron,DC=com","Group","Domain Admins","True","BUILTIN\Administrators","BUILTIN\Administrators","Allow","CreateChild, DeleteChild, Self, WriteProperty, ExtendedRight, Delete, GenericRead, WriteDacl, WriteOwner","False","True","False"
"child.mathiasmotron.com","CN=Domain Admins,CN=Users,DC=child,DC=mathiasmotron,DC=com","Group","Domain Admins","True","CHILD\Cert Publishers","CHILD\Cert Publishers","Allow","ReadProperty, WriteProperty","False","True","False"
"child.mathiasmotron.com","CN=Domain Admins,CN=Users,DC=child,DC=mathiasmotron,DC=com","Group","Domain Admins","True","CHILD\Domain Admins","CHILD\Domain Admins","Allow","CreateChild, DeleteChild, Self, WriteProperty, ExtendedRight, GenericRead, WriteDacl, WriteOwner","False","True","False"
"child.mathiasmotron.com","CN=Domain Admins,CN=Users,DC=child,DC=mathiasmotron,DC=com","Group","Domain Admins","True","Everyone","Everyone","Allow","ExtendedRight","False","True","False"
"child.mathiasmotron.com","CN=Domain Admins,CN=Users,DC=child,DC=mathiasmotron,DC=com","Group","Domain Admins","True","MATHIASMOTRON\Enterprise Admins","MATHIASMOTRON\Enterprise Admins","Allow","CreateChild, DeleteChild, Self, WriteProperty, ExtendedRight, GenericRead, WriteDacl, WriteOwner","False","False","True"
"child.mathiasmotron.com","CN=Domain Admins,CN=Users,DC=child,DC=mathiasmotron,DC=com","Group","Domain Admins","True","NT AUTHORITY\Authenticated Users","NT AUTHORITY\Authenticated Users","Allow","GenericRead","False","True","False"
"child.mathiasmotron.com","CN=Domain Admins,CN=Users,DC=child,DC=mathiasmotron,DC=com","Group","Domain Admins","True","NT AUTHORITY\SELF","NT AUTHORITY\SELF","Allow","ExtendedRight","False","True","False"
"child.mathiasmotron.com","CN=Domain Admins,CN=Users,DC=child,DC=mathiasmotron,DC=com","Group","Domain Admins","True","NT AUTHORITY\SELF","NT AUTHORITY\SELF","Allow","ReadProperty, WriteProperty, ExtendedRight","False","True","False"
"child.mathiasmotron.com","CN=Domain Admins,CN=Users,DC=child,DC=mathiasmotron,DC=com","Group","Domain Admins","True","NT AUTHORITY\SYSTEM","NT AUTHORITY\SYSTEM","Allow","GenericAll","False","True","False"
"child.mathiasmotron.com","CN=Domain Admins,CN=Users,DC=child,DC=mathiasmotron,DC=com","Group","Domain Admins","True","S-1-5-32-554","S-1-5-32-554","Allow","ReadProperty","False","False","True"
"child.mathiasmotron.com","CN=Domain Admins,CN=Users,DC=child,DC=mathiasmotron,DC=com","Group","Domain Admins","True","S-1-5-32-554","S-1-5-32-554","Allow","ReadProperty","False","False","True"
"child.mathiasmotron.com","CN=Domain Admins,CN=Users,DC=child,DC=mathiasmotron,DC=com","Group","Domain Admins","True","S-1-5-32-554","S-1-5-32-554","Allow","ReadProperty","False","False","True"
"child.mathiasmotron.com","CN=Domain Admins,CN=Users,DC=child,DC=mathiasmotron,DC=com","Group","Domain Admins","True","S-1-5-32-554","S-1-5-32-554","Allow","ReadProperty","False","False","True"
"child.mathiasmotron.com","CN=Domain Admins,CN=Users,DC=child,DC=mathiasmotron,DC=com","Group","Domain Admins","True","S-1-5-32-554","S-1-5-32-554","Allow","GenericRead","False","False","True"
"child.mathiasmotron.com","CN=Domain Admins,CN=Users,DC=child,DC=mathiasmotron,DC=com","Group","Domain Admins","True","S-1-5-32-554","S-1-5-32-554","Allow","ReadProperty","False","False","True"
"child.mathiasmotron.com","CN=Domain Admins,CN=Users,DC=child,DC=mathiasmotron,DC=com","Group","Domain Admins","True","S-1-5-32-554","S-1-5-32-554","Allow","ReadProperty","False","False","True"
"child.mathiasmotron.com","CN=Domain Admins,CN=Users,DC=child,DC=mathiasmotron,DC=com","Group","Domain Admins","True","S-1-5-32-554","S-1-5-32-554","Allow","ReadProperty","False","False","True"
"child.mathiasmotron.com","CN=Domain Admins,CN=Users,DC=child,DC=mathiasmotron,DC=com","Group","Domain Admins","True","S-1-5-32-554","S-1-5-32-554","Allow","ReadProperty","False","False","True"
"child.mathiasmotron.com","CN=Domain Admins,CN=Users,DC=child,DC=mathiasmotron,DC=com","Group","Domain Admins","True","S-1-5-32-554","S-1-5-32-554","Allow","GenericRead","False","False","True"
"child.mathiasmotron.com","CN=Domain Admins,CN=Users,DC=child,DC=mathiasmotron,DC=com","Group","Domain Admins","True","S-1-5-32-554","S-1-5-32-554","Allow","ReadProperty","False","False","True"
"child.mathiasmotron.com","CN=Domain Admins,CN=Users,DC=child,DC=mathiasmotron,DC=com","Group","Domain Admins","True","S-1-5-32-560","S-1-5-32-560","Allow","ReadProperty","False","False","True"
"child.mathiasmotron.com","CN=Domain Admins,CN=Users,DC=child,DC=mathiasmotron,DC=com","Group","Domain Admins","True","S-1-5-32-561","S-1-5-32-561","Allow","ReadProperty, WriteProperty","False","False","True"
"child.mathiasmotron.com","CN=Domain Admins,CN=Users,DC=child,DC=mathiasmotron,DC=com","Group","Domain Admins","True","S-1-5-32-561","S-1-5-32-561","Allow","ReadProperty, WriteProperty","False","False","True"
"child.mathiasmotron.com","CN=Domain Controllers,CN=Users,DC=child,DC=mathiasmotron,DC=com","Group","Domain Controllers","True","BUILTIN\Administrators","BUILTIN\Administrators","Allow","CreateChild, DeleteChild, Self, WriteProperty, ExtendedRight, Delete, GenericRead, WriteDacl, WriteOwner","False","True","False"
"child.mathiasmotron.com","CN=Domain Controllers,CN=Users,DC=child,DC=mathiasmotron,DC=com","Group","Domain Controllers","True","CHILD\Cert Publishers","CHILD\Cert Publishers","Allow","ReadProperty, WriteProperty","False","True","False"
"child.mathiasmotron.com","CN=Domain Controllers,CN=Users,DC=child,DC=mathiasmotron,DC=com","Group","Domain Controllers","True","CHILD\Domain Admins","CHILD\Domain Admins","Allow","CreateChild, DeleteChild, Self, WriteProperty, ExtendedRight, GenericRead, WriteDacl, WriteOwner","False","True","False"
"child.mathiasmotron.com","CN=Domain Controllers,CN=Users,DC=child,DC=mathiasmotron,DC=com","Group","Domain Controllers","True","Everyone","Everyone","Allow","ExtendedRight","False","True","False"
"child.mathiasmotron.com","CN=Domain Controllers,CN=Users,DC=child,DC=mathiasmotron,DC=com","Group","Domain Controllers","True","MATHIASMOTRON\Enterprise Admins","MATHIASMOTRON\Enterprise Admins","Allow","CreateChild, DeleteChild, Self, WriteProperty, ExtendedRight, GenericRead, WriteDacl, WriteOwner","False","False","True"
"child.mathiasmotron.com","CN=Domain Controllers,CN=Users,DC=child,DC=mathiasmotron,DC=com","Group","Domain Controllers","True","NT AUTHORITY\Authenticated Users","NT AUTHORITY\Authenticated Users","Allow","GenericRead","False","True","False"
"child.mathiasmotron.com","CN=Domain Controllers,CN=Users,DC=child,DC=mathiasmotron,DC=com","Group","Domain Controllers","True","NT AUTHORITY\SELF","NT AUTHORITY\SELF","Allow","ExtendedRight","False","True","False"
"child.mathiasmotron.com","CN=Domain Controllers,CN=Users,DC=child,DC=mathiasmotron,DC=com","Group","Domain Controllers","True","NT AUTHORITY\SELF","NT AUTHORITY\SELF","Allow","ReadProperty, WriteProperty, ExtendedRight","False","True","False"
"child.mathiasmotron.com","CN=Domain Controllers,CN=Users,DC=child,DC=mathiasmotron,DC=com","Group","Domain Controllers","True","NT AUTHORITY\SYSTEM","NT AUTHORITY\SYSTEM","Allow","GenericAll","False","True","False"
"child.mathiasmotron.com","CN=Domain Controllers,CN=Users,DC=child,DC=mathiasmotron,DC=com","Group","Domain Controllers","True","S-1-5-32-554","S-1-5-32-554","Allow","GenericRead","False","False","True"
"child.mathiasmotron.com","CN=Domain Controllers,CN=Users,DC=child,DC=mathiasmotron,DC=com","Group","Domain Controllers","True","S-1-5-32-554","S-1-5-32-554","Allow","GenericRead","False","False","True"
"child.mathiasmotron.com","CN=Domain Controllers,CN=Users,DC=child,DC=mathiasmotron,DC=com","Group","Domain Controllers","True","S-1-5-32-554","S-1-5-32-554","Allow","ReadProperty","False","False","True"
"child.mathiasmotron.com","CN=Domain Controllers,CN=Users,DC=child,DC=mathiasmotron,DC=com","Group","Domain Controllers","True","S-1-5-32-554","S-1-5-32-554","Allow","ReadProperty","False","False","True"
"child.mathiasmotron.com","CN=Domain Controllers,CN=Users,DC=child,DC=mathiasmotron,DC=com","Group","Domain Controllers","True","S-1-5-32-554","S-1-5-32-554","Allow","ReadProperty","False","False","True"
"child.mathiasmotron.com","CN=Domain Controllers,CN=Users,DC=child,DC=mathiasmotron,DC=com","Group","Domain Controllers","True","S-1-5-32-554","S-1-5-32-554","Allow","ReadProperty","False","False","True"
"child.mathiasmotron.com","CN=Domain Controllers,CN=Users,DC=child,DC=mathiasmotron,DC=com","Group","Domain Controllers","True","S-1-5-32-554","S-1-5-32-554","Allow","ReadProperty","False","False","True"
"child.mathiasmotron.com","CN=Domain Controllers,CN=Users,DC=child,DC=mathiasmotron,DC=com","Group","Domain Controllers","True","S-1-5-32-554","S-1-5-32-554","Allow","ReadProperty","False","False","True"
"child.mathiasmotron.com","CN=Domain Controllers,CN=Users,DC=child,DC=mathiasmotron,DC=com","Group","Domain Controllers","True","S-1-5-32-554","S-1-5-32-554","Allow","ReadProperty","False","False","True"
"child.mathiasmotron.com","CN=Domain Controllers,CN=Users,DC=child,DC=mathiasmotron,DC=com","Group","Domain Controllers","True","S-1-5-32-554","S-1-5-32-554","Allow","ReadProperty","False","False","True"
"child.mathiasmotron.com","CN=Domain Controllers,CN=Users,DC=child,DC=mathiasmotron,DC=com","Group","Domain Controllers","True","S-1-5-32-554","S-1-5-32-554","Allow","ReadProperty","False","False","True"
"child.mathiasmotron.com","CN=Domain Controllers,CN=Users,DC=child,DC=mathiasmotron,DC=com","Group","Domain Controllers","True","S-1-5-32-560","S-1-5-32-560","Allow","ReadProperty","False","False","True"
"child.mathiasmotron.com","CN=Domain Controllers,CN=Users,DC=child,DC=mathiasmotron,DC=com","Group","Domain Controllers","True","S-1-5-32-561","S-1-5-32-561","Allow","ReadProperty, WriteProperty","False","False","True"
"child.mathiasmotron.com","CN=Domain Controllers,CN=Users,DC=child,DC=mathiasmotron,DC=com","Group","Domain Controllers","True","S-1-5-32-561","S-1-5-32-561","Allow","ReadProperty, WriteProperty","False","False","True"
"child.mathiasmotron.com","CN=Key Admins,CN=Users,DC=child,DC=mathiasmotron,DC=com","Group","Key Admins","True","BUILTIN\Administrators","BUILTIN\Administrators","Allow","CreateChild, DeleteChild, Self, WriteProperty, ExtendedRight, Delete, GenericRead, WriteDacl, WriteOwner","False","True","False"
"child.mathiasmotron.com","CN=Key Admins,CN=Users,DC=child,DC=mathiasmotron,DC=com","Group","Key Admins","True","CHILD\Cert Publishers","CHILD\Cert Publishers","Allow","ReadProperty, WriteProperty","False","True","False"
"child.mathiasmotron.com","CN=Key Admins,CN=Users,DC=child,DC=mathiasmotron,DC=com","Group","Key Admins","True","CHILD\Domain Admins","CHILD\Domain Admins","Allow","CreateChild, DeleteChild, Self, WriteProperty, ExtendedRight, GenericRead, WriteDacl, WriteOwner","False","True","False"
"child.mathiasmotron.com","CN=Key Admins,CN=Users,DC=child,DC=mathiasmotron,DC=com","Group","Key Admins","True","Everyone","Everyone","Allow","ExtendedRight","False","True","False"
"child.mathiasmotron.com","CN=Key Admins,CN=Users,DC=child,DC=mathiasmotron,DC=com","Group","Key Admins","True","MATHIASMOTRON\Enterprise Admins","MATHIASMOTRON\Enterprise Admins","Allow","CreateChild, DeleteChild, Self, WriteProperty, ExtendedRight, GenericRead, WriteDacl, WriteOwner","False","False","True"
"child.mathiasmotron.com","CN=Key Admins,CN=Users,DC=child,DC=mathiasmotron,DC=com","Group","Key Admins","True","NT AUTHORITY\Authenticated Users","NT AUTHORITY\Authenticated Users","Allow","GenericRead","False","True","False"
"child.mathiasmotron.com","CN=Key Admins,CN=Users,DC=child,DC=mathiasmotron,DC=com","Group","Key Admins","True","NT AUTHORITY\SELF","NT AUTHORITY\SELF","Allow","ReadProperty, WriteProperty, ExtendedRight","False","True","False"
"child.mathiasmotron.com","CN=Key Admins,CN=Users,DC=child,DC=mathiasmotron,DC=com","Group","Key Admins","True","NT AUTHORITY\SELF","NT AUTHORITY\SELF","Allow","ExtendedRight","False","True","False"
"child.mathiasmotron.com","CN=Key Admins,CN=Users,DC=child,DC=mathiasmotron,DC=com","Group","Key Admins","True","NT AUTHORITY\SYSTEM","NT AUTHORITY\SYSTEM","Allow","GenericAll","False","True","False"
"child.mathiasmotron.com","CN=Key Admins,CN=Users,DC=child,DC=mathiasmotron,DC=com","Group","Key Admins","True","S-1-5-32-554","S-1-5-32-554","Allow","GenericRead","False","False","True"
"child.mathiasmotron.com","CN=Key Admins,CN=Users,DC=child,DC=mathiasmotron,DC=com","Group","Key Admins","True","S-1-5-32-554","S-1-5-32-554","Allow","GenericRead","False","False","True"
"child.mathiasmotron.com","CN=Key Admins,CN=Users,DC=child,DC=mathiasmotron,DC=com","Group","Key Admins","True","S-1-5-32-554","S-1-5-32-554","Allow","ReadProperty","False","False","True"
"child.mathiasmotron.com","CN=Key Admins,CN=Users,DC=child,DC=mathiasmotron,DC=com","Group","Key Admins","True","S-1-5-32-554","S-1-5-32-554","Allow","ReadProperty","False","False","True"
"child.mathiasmotron.com","CN=Key Admins,CN=Users,DC=child,DC=mathiasmotron,DC=com","Group","Key Admins","True","S-1-5-32-554","S-1-5-32-554","Allow","ReadProperty","False","False","True"
"child.mathiasmotron.com","CN=Key Admins,CN=Users,DC=child,DC=mathiasmotron,DC=com","Group","Key Admins","True","S-1-5-32-554","S-1-5-32-554","Allow","ReadProperty","False","False","True"
"child.mathiasmotron.com","CN=Key Admins,CN=Users,DC=child,DC=mathiasmotron,DC=com","Group","Key Admins","True","S-1-5-32-554","S-1-5-32-554","Allow","ReadProperty","False","False","True"
"child.mathiasmotron.com","CN=Key Admins,CN=Users,DC=child,DC=mathiasmotron,DC=com","Group","Key Admins","True","S-1-5-32-554","S-1-5-32-554","Allow","ReadProperty","False","False","True"
"child.mathiasmotron.com","CN=Key Admins,CN=Users,DC=child,DC=mathiasmotron,DC=com","Group","Key Admins","True","S-1-5-32-554","S-1-5-32-554","Allow","ReadProperty","False","False","True"
"child.mathiasmotron.com","CN=Key Admins,CN=Users,DC=child,DC=mathiasmotron,DC=com","Group","Key Admins","True","S-1-5-32-554","S-1-5-32-554","Allow","ReadProperty","False","False","True"
"child.mathiasmotron.com","CN=Key Admins,CN=Users,DC=child,DC=mathiasmotron,DC=com","Group","Key Admins","True","S-1-5-32-554","S-1-5-32-554","Allow","ReadProperty","False","False","True"
"child.mathiasmotron.com","CN=Key Admins,CN=Users,DC=child,DC=mathiasmotron,DC=com","Group","Key Admins","True","S-1-5-32-560","S-1-5-32-560","Allow","ReadProperty","False","False","True"
"child.mathiasmotron.com","CN=Key Admins,CN=Users,DC=child,DC=mathiasmotron,DC=com","Group","Key Admins","True","S-1-5-32-561","S-1-5-32-561","Allow","ReadProperty, WriteProperty","False","False","True"
"child.mathiasmotron.com","CN=Key Admins,CN=Users,DC=child,DC=mathiasmotron,DC=com","Group","Key Admins","True","S-1-5-32-561","S-1-5-32-561","Allow","ReadProperty, WriteProperty","False","False","True"
"child.mathiasmotron.com","CN=Print Operators,CN=Builtin,DC=child,DC=mathiasmotron,DC=com","Group","Print Operators","True","BUILTIN\Administrators","BUILTIN\Administrators","Allow","CreateChild, DeleteChild, Self, WriteProperty, ExtendedRight, Delete, GenericRead, WriteDacl, WriteOwner","False","True","False"
"child.mathiasmotron.com","CN=Print Operators,CN=Builtin,DC=child,DC=mathiasmotron,DC=com","Group","Print Operators","True","CHILD\Cert Publishers","CHILD\Cert Publishers","Allow","ReadProperty, WriteProperty","False","True","False"
"child.mathiasmotron.com","CN=Print Operators,CN=Builtin,DC=child,DC=mathiasmotron,DC=com","Group","Print Operators","True","CHILD\Domain Admins","CHILD\Domain Admins","Allow","CreateChild, DeleteChild, Self, WriteProperty, ExtendedRight, GenericRead, WriteDacl, WriteOwner","False","True","False"
"child.mathiasmotron.com","CN=Print Operators,CN=Builtin,DC=child,DC=mathiasmotron,DC=com","Group","Print Operators","True","Everyone","Everyone","Allow","ExtendedRight","False","True","False"
"child.mathiasmotron.com","CN=Print Operators,CN=Builtin,DC=child,DC=mathiasmotron,DC=com","Group","Print Operators","True","MATHIASMOTRON\Enterprise Admins","MATHIASMOTRON\Enterprise Admins","Allow","CreateChild, DeleteChild, Self, WriteProperty, ExtendedRight, GenericRead, WriteDacl, WriteOwner","False","False","True"
"child.mathiasmotron.com","CN=Print Operators,CN=Builtin,DC=child,DC=mathiasmotron,DC=com","Group","Print Operators","True","NT AUTHORITY\Authenticated Users","NT AUTHORITY\Authenticated Users","Allow","GenericRead","False","True","False"
"child.mathiasmotron.com","CN=Print Operators,CN=Builtin,DC=child,DC=mathiasmotron,DC=com","Group","Print Operators","True","NT AUTHORITY\SELF","NT AUTHORITY\SELF","Allow","ReadProperty, WriteProperty, ExtendedRight","False","True","False"
"child.mathiasmotron.com","CN=Print Operators,CN=Builtin,DC=child,DC=mathiasmotron,DC=com","Group","Print Operators","True","NT AUTHORITY\SELF","NT AUTHORITY\SELF","Allow","ExtendedRight","False","True","False"
"child.mathiasmotron.com","CN=Print Operators,CN=Builtin,DC=child,DC=mathiasmotron,DC=com","Group","Print Operators","True","NT AUTHORITY\SYSTEM","NT AUTHORITY\SYSTEM","Allow","GenericAll","False","True","False"
"child.mathiasmotron.com","CN=Print Operators,CN=Builtin,DC=child,DC=mathiasmotron,DC=com","Group","Print Operators","True","S-1-5-32-554","S-1-5-32-554","Allow","ReadProperty","False","False","True"
"child.mathiasmotron.com","CN=Print Operators,CN=Builtin,DC=child,DC=mathiasmotron,DC=com","Group","Print Operators","True","S-1-5-32-554","S-1-5-32-554","Allow","ReadProperty","False","False","True"
"child.mathiasmotron.com","CN=Print Operators,CN=Builtin,DC=child,DC=mathiasmotron,DC=com","Group","Print Operators","True","S-1-5-32-554","S-1-5-32-554","Allow","GenericRead","False","False","True"
"child.mathiasmotron.com","CN=Print Operators,CN=Builtin,DC=child,DC=mathiasmotron,DC=com","Group","Print Operators","True","S-1-5-32-554","S-1-5-32-554","Allow","GenericRead","False","False","True"
"child.mathiasmotron.com","CN=Print Operators,CN=Builtin,DC=child,DC=mathiasmotron,DC=com","Group","Print Operators","True","S-1-5-32-554","S-1-5-32-554","Allow","ReadProperty","False","False","True"
"child.mathiasmotron.com","CN=Print Operators,CN=Builtin,DC=child,DC=mathiasmotron,DC=com","Group","Print Operators","True","S-1-5-32-554","S-1-5-32-554","Allow","ReadProperty","False","False","True"
"child.mathiasmotron.com","CN=Print Operators,CN=Builtin,DC=child,DC=mathiasmotron,DC=com","Group","Print Operators","True","S-1-5-32-554","S-1-5-32-554","Allow","ReadProperty","False","False","True"
"child.mathiasmotron.com","CN=Print Operators,CN=Builtin,DC=child,DC=mathiasmotron,DC=com","Group","Print Operators","True","S-1-5-32-554","S-1-5-32-554","Allow","ReadProperty","False","False","True"
"child.mathiasmotron.com","CN=Print Operators,CN=Builtin,DC=child,DC=mathiasmotron,DC=com","Group","Print Operators","True","S-1-5-32-554","S-1-5-32-554","Allow","ReadProperty","False","False","True"
"child.mathiasmotron.com","CN=Print Operators,CN=Builtin,DC=child,DC=mathiasmotron,DC=com","Group","Print Operators","True","S-1-5-32-554","S-1-5-32-554","Allow","ReadProperty","False","False","True"
"child.mathiasmotron.com","CN=Print Operators,CN=Builtin,DC=child,DC=mathiasmotron,DC=com","Group","Print Operators","True","S-1-5-32-554","S-1-5-32-554","Allow","ReadProperty","False","False","True"
"child.mathiasmotron.com","CN=Print Operators,CN=Builtin,DC=child,DC=mathiasmotron,DC=com","Group","Print Operators","True","S-1-5-32-560","S-1-5-32-560","Allow","ReadProperty","False","False","True"
"child.mathiasmotron.com","CN=Print Operators,CN=Builtin,DC=child,DC=mathiasmotron,DC=com","Group","Print Operators","True","S-1-5-32-561","S-1-5-32-561","Allow","ReadProperty, WriteProperty","False","False","True"
"child.mathiasmotron.com","CN=Print Operators,CN=Builtin,DC=child,DC=mathiasmotron,DC=com","Group","Print Operators","True","S-1-5-32-561","S-1-5-32-561","Allow","ReadProperty, WriteProperty","False","False","True"
"child.mathiasmotron.com","CN=Read-only Domain Controllers,CN=Users,DC=child,DC=mathiasmotron,DC=com","Group","Read-only Domain Controllers","True","BUILTIN\Administrators","BUILTIN\Administrators","Allow","CreateChild, DeleteChild, Self, WriteProperty, ExtendedRight, Delete, GenericRead, WriteDacl, WriteOwner","False","True","False"
"child.mathiasmotron.com","CN=Read-only Domain Controllers,CN=Users,DC=child,DC=mathiasmotron,DC=com","Group","Read-only Domain Controllers","True","CHILD\Cert Publishers","CHILD\Cert Publishers","Allow","ReadProperty, WriteProperty","False","True","False"
"child.mathiasmotron.com","CN=Read-only Domain Controllers,CN=Users,DC=child,DC=mathiasmotron,DC=com","Group","Read-only Domain Controllers","True","CHILD\Domain Admins","CHILD\Domain Admins","Allow","CreateChild, DeleteChild, Self, WriteProperty, ExtendedRight, GenericRead, WriteDacl, WriteOwner","False","True","False"
"child.mathiasmotron.com","CN=Read-only Domain Controllers,CN=Users,DC=child,DC=mathiasmotron,DC=com","Group","Read-only Domain Controllers","True","Everyone","Everyone","Allow","ExtendedRight","False","True","False"
"child.mathiasmotron.com","CN=Read-only Domain Controllers,CN=Users,DC=child,DC=mathiasmotron,DC=com","Group","Read-only Domain Controllers","True","MATHIASMOTRON\Enterprise Admins","MATHIASMOTRON\Enterprise Admins","Allow","CreateChild, DeleteChild, Self, WriteProperty, ExtendedRight, GenericRead, WriteDacl, WriteOwner","False","False","True"
"child.mathiasmotron.com","CN=Read-only Domain Controllers,CN=Users,DC=child,DC=mathiasmotron,DC=com","Group","Read-only Domain Controllers","True","NT AUTHORITY\Authenticated Users","NT AUTHORITY\Authenticated Users","Allow","GenericRead","False","True","False"
"child.mathiasmotron.com","CN=Read-only Domain Controllers,CN=Users,DC=child,DC=mathiasmotron,DC=com","Group","Read-only Domain Controllers","True","NT AUTHORITY\SELF","NT AUTHORITY\SELF","Allow","ReadProperty, WriteProperty, ExtendedRight","False","True","False"
"child.mathiasmotron.com","CN=Read-only Domain Controllers,CN=Users,DC=child,DC=mathiasmotron,DC=com","Group","Read-only Domain Controllers","True","NT AUTHORITY\SELF","NT AUTHORITY\SELF","Allow","ExtendedRight","False","True","False"
"child.mathiasmotron.com","CN=Read-only Domain Controllers,CN=Users,DC=child,DC=mathiasmotron,DC=com","Group","Read-only Domain Controllers","True","NT AUTHORITY\SYSTEM","NT AUTHORITY\SYSTEM","Allow","GenericAll","False","True","False"
"child.mathiasmotron.com","CN=Read-only Domain Controllers,CN=Users,DC=child,DC=mathiasmotron,DC=com","Group","Read-only Domain Controllers","True","S-1-5-32-554","S-1-5-32-554","Allow","ReadProperty","False","False","True"
"child.mathiasmotron.com","CN=Read-only Domain Controllers,CN=Users,DC=child,DC=mathiasmotron,DC=com","Group","Read-only Domain Controllers","True","S-1-5-32-554","S-1-5-32-554","Allow","ReadProperty","False","False","True"
"child.mathiasmotron.com","CN=Read-only Domain Controllers,CN=Users,DC=child,DC=mathiasmotron,DC=com","Group","Read-only Domain Controllers","True","S-1-5-32-554","S-1-5-32-554","Allow","ReadProperty","False","False","True"
"child.mathiasmotron.com","CN=Read-only Domain Controllers,CN=Users,DC=child,DC=mathiasmotron,DC=com","Group","Read-only Domain Controllers","True","S-1-5-32-554","S-1-5-32-554","Allow","GenericRead","False","False","True"
"child.mathiasmotron.com","CN=Read-only Domain Controllers,CN=Users,DC=child,DC=mathiasmotron,DC=com","Group","Read-only Domain Controllers","True","S-1-5-32-554","S-1-5-32-554","Allow","ReadProperty","False","False","True"
"child.mathiasmotron.com","CN=Read-only Domain Controllers,CN=Users,DC=child,DC=mathiasmotron,DC=com","Group","Read-only Domain Controllers","True","S-1-5-32-554","S-1-5-32-554","Allow","ReadProperty","False","False","True"
"child.mathiasmotron.com","CN=Read-only Domain Controllers,CN=Users,DC=child,DC=mathiasmotron,DC=com","Group","Read-only Domain Controllers","True","S-1-5-32-554","S-1-5-32-554","Allow","GenericRead","False","False","True"
"child.mathiasmotron.com","CN=Read-only Domain Controllers,CN=Users,DC=child,DC=mathiasmotron,DC=com","Group","Read-only Domain Controllers","True","S-1-5-32-554","S-1-5-32-554","Allow","ReadProperty","False","False","True"
"child.mathiasmotron.com","CN=Read-only Domain Controllers,CN=Users,DC=child,DC=mathiasmotron,DC=com","Group","Read-only Domain Controllers","True","S-1-5-32-554","S-1-5-32-554","Allow","ReadProperty","False","False","True"
"child.mathiasmotron.com","CN=Read-only Domain Controllers,CN=Users,DC=child,DC=mathiasmotron,DC=com","Group","Read-only Domain Controllers","True","S-1-5-32-554","S-1-5-32-554","Allow","ReadProperty","False","False","True"
"child.mathiasmotron.com","CN=Read-only Domain Controllers,CN=Users,DC=child,DC=mathiasmotron,DC=com","Group","Read-only Domain Controllers","True","S-1-5-32-554","S-1-5-32-554","Allow","ReadProperty","False","False","True"
"child.mathiasmotron.com","CN=Read-only Domain Controllers,CN=Users,DC=child,DC=mathiasmotron,DC=com","Group","Read-only Domain Controllers","True","S-1-5-32-560","S-1-5-32-560","Allow","ReadProperty","False","False","True"
"child.mathiasmotron.com","CN=Read-only Domain Controllers,CN=Users,DC=child,DC=mathiasmotron,DC=com","Group","Read-only Domain Controllers","True","S-1-5-32-561","S-1-5-32-561","Allow","ReadProperty, WriteProperty","False","False","True"
"child.mathiasmotron.com","CN=Read-only Domain Controllers,CN=Users,DC=child,DC=mathiasmotron,DC=com","Group","Read-only Domain Controllers","True","S-1-5-32-561","S-1-5-32-561","Allow","ReadProperty, WriteProperty","False","False","True"
"child.mathiasmotron.com","CN=Replicator,CN=Builtin,DC=child,DC=mathiasmotron,DC=com","Group","Replicator","True","BUILTIN\Administrators","BUILTIN\Administrators","Allow","CreateChild, DeleteChild, Self, WriteProperty, ExtendedRight, Delete, GenericRead, WriteDacl, WriteOwner","False","True","False"
"child.mathiasmotron.com","CN=Replicator,CN=Builtin,DC=child,DC=mathiasmotron,DC=com","Group","Replicator","True","CHILD\Cert Publishers","CHILD\Cert Publishers","Allow","ReadProperty, WriteProperty","False","True","False"
"child.mathiasmotron.com","CN=Replicator,CN=Builtin,DC=child,DC=mathiasmotron,DC=com","Group","Replicator","True","CHILD\Domain Admins","CHILD\Domain Admins","Allow","CreateChild, DeleteChild, Self, WriteProperty, ExtendedRight, GenericRead, WriteDacl, WriteOwner","False","True","False"
"child.mathiasmotron.com","CN=Replicator,CN=Builtin,DC=child,DC=mathiasmotron,DC=com","Group","Replicator","True","Everyone","Everyone","Allow","ExtendedRight","False","True","False"
"child.mathiasmotron.com","CN=Replicator,CN=Builtin,DC=child,DC=mathiasmotron,DC=com","Group","Replicator","True","MATHIASMOTRON\Enterprise Admins","MATHIASMOTRON\Enterprise Admins","Allow","CreateChild, DeleteChild, Self, WriteProperty, ExtendedRight, GenericRead, WriteDacl, WriteOwner","False","False","True"
"child.mathiasmotron.com","CN=Replicator,CN=Builtin,DC=child,DC=mathiasmotron,DC=com","Group","Replicator","True","NT AUTHORITY\Authenticated Users","NT AUTHORITY\Authenticated Users","Allow","GenericRead","False","True","False"
"child.mathiasmotron.com","CN=Replicator,CN=Builtin,DC=child,DC=mathiasmotron,DC=com","Group","Replicator","True","NT AUTHORITY\SELF","NT AUTHORITY\SELF","Allow","ReadProperty, WriteProperty, ExtendedRight","False","True","False"
"child.mathiasmotron.com","CN=Replicator,CN=Builtin,DC=child,DC=mathiasmotron,DC=com","Group","Replicator","True","NT AUTHORITY\SELF","NT AUTHORITY\SELF","Allow","ExtendedRight","False","True","False"
"child.mathiasmotron.com","CN=Replicator,CN=Builtin,DC=child,DC=mathiasmotron,DC=com","Group","Replicator","True","NT AUTHORITY\SYSTEM","NT AUTHORITY\SYSTEM","Allow","GenericAll","False","True","False"
"child.mathiasmotron.com","CN=Replicator,CN=Builtin,DC=child,DC=mathiasmotron,DC=com","Group","Replicator","True","S-1-5-32-554","S-1-5-32-554","Allow","ReadProperty","False","False","True"
"child.mathiasmotron.com","CN=Replicator,CN=Builtin,DC=child,DC=mathiasmotron,DC=com","Group","Replicator","True","S-1-5-32-554","S-1-5-32-554","Allow","ReadProperty","False","False","True"
"child.mathiasmotron.com","CN=Replicator,CN=Builtin,DC=child,DC=mathiasmotron,DC=com","Group","Replicator","True","S-1-5-32-554","S-1-5-32-554","Allow","ReadProperty","False","False","True"
"child.mathiasmotron.com","CN=Replicator,CN=Builtin,DC=child,DC=mathiasmotron,DC=com","Group","Replicator","True","S-1-5-32-554","S-1-5-32-554","Allow","ReadProperty","False","False","True"
"child.mathiasmotron.com","CN=Replicator,CN=Builtin,DC=child,DC=mathiasmotron,DC=com","Group","Replicator","True","S-1-5-32-554","S-1-5-32-554","Allow","ReadProperty","False","False","True"
"child.mathiasmotron.com","CN=Replicator,CN=Builtin,DC=child,DC=mathiasmotron,DC=com","Group","Replicator","True","S-1-5-32-554","S-1-5-32-554","Allow","GenericRead","False","False","True"
"child.mathiasmotron.com","CN=Replicator,CN=Builtin,DC=child,DC=mathiasmotron,DC=com","Group","Replicator","True","S-1-5-32-554","S-1-5-32-554","Allow","ReadProperty","False","False","True"
"child.mathiasmotron.com","CN=Replicator,CN=Builtin,DC=child,DC=mathiasmotron,DC=com","Group","Replicator","True","S-1-5-32-554","S-1-5-32-554","Allow","ReadProperty","False","False","True"
"child.mathiasmotron.com","CN=Replicator,CN=Builtin,DC=child,DC=mathiasmotron,DC=com","Group","Replicator","True","S-1-5-32-554","S-1-5-32-554","Allow","GenericRead","False","False","True"
"child.mathiasmotron.com","CN=Replicator,CN=Builtin,DC=child,DC=mathiasmotron,DC=com","Group","Replicator","True","S-1-5-32-554","S-1-5-32-554","Allow","ReadProperty","False","False","True"
"child.mathiasmotron.com","CN=Replicator,CN=Builtin,DC=child,DC=mathiasmotron,DC=com","Group","Replicator","True","S-1-5-32-554","S-1-5-32-554","Allow","ReadProperty","False","False","True"
"child.mathiasmotron.com","CN=Replicator,CN=Builtin,DC=child,DC=mathiasmotron,DC=com","Group","Replicator","True","S-1-5-32-560","S-1-5-32-560","Allow","ReadProperty","False","False","True"
"child.mathiasmotron.com","CN=Replicator,CN=Builtin,DC=child,DC=mathiasmotron,DC=com","Group","Replicator","True","S-1-5-32-561","S-1-5-32-561","Allow","ReadProperty, WriteProperty","False","False","True"
"child.mathiasmotron.com","CN=Replicator,CN=Builtin,DC=child,DC=mathiasmotron,DC=com","Group","Replicator","True","S-1-5-32-561","S-1-5-32-561","Allow","ReadProperty, WriteProperty","False","False","True"
"child.mathiasmotron.com","CN=Server Operators,CN=Builtin,DC=child,DC=mathiasmotron,DC=com","Group","Server Operators","True","BUILTIN\Administrators","BUILTIN\Administrators","Allow","CreateChild, DeleteChild, Self, WriteProperty, ExtendedRight, Delete, GenericRead, WriteDacl, WriteOwner","False","True","False"
"child.mathiasmotron.com","CN=Server Operators,CN=Builtin,DC=child,DC=mathiasmotron,DC=com","Group","Server Operators","True","CHILD\Cert Publishers","CHILD\Cert Publishers","Allow","ReadProperty, WriteProperty","False","True","False"
"child.mathiasmotron.com","CN=Server Operators,CN=Builtin,DC=child,DC=mathiasmotron,DC=com","Group","Server Operators","True","CHILD\Domain Admins","CHILD\Domain Admins","Allow","CreateChild, DeleteChild, Self, WriteProperty, ExtendedRight, GenericRead, WriteDacl, WriteOwner","False","True","False"
"child.mathiasmotron.com","CN=Server Operators,CN=Builtin,DC=child,DC=mathiasmotron,DC=com","Group","Server Operators","True","Everyone","Everyone","Allow","ExtendedRight","False","True","False"
"child.mathiasmotron.com","CN=Server Operators,CN=Builtin,DC=child,DC=mathiasmotron,DC=com","Group","Server Operators","True","MATHIASMOTRON\Enterprise Admins","MATHIASMOTRON\Enterprise Admins","Allow","CreateChild, DeleteChild, Self, WriteProperty, ExtendedRight, GenericRead, WriteDacl, WriteOwner","False","False","True"
"child.mathiasmotron.com","CN=Server Operators,CN=Builtin,DC=child,DC=mathiasmotron,DC=com","Group","Server Operators","True","NT AUTHORITY\Authenticated Users","NT AUTHORITY\Authenticated Users","Allow","GenericRead","False","True","False"
"child.mathiasmotron.com","CN=Server Operators,CN=Builtin,DC=child,DC=mathiasmotron,DC=com","Group","Server Operators","True","NT AUTHORITY\SELF","NT AUTHORITY\SELF","Allow","ExtendedRight","False","True","False"
"child.mathiasmotron.com","CN=Server Operators,CN=Builtin,DC=child,DC=mathiasmotron,DC=com","Group","Server Operators","True","NT AUTHORITY\SELF","NT AUTHORITY\SELF","Allow","ReadProperty, WriteProperty, ExtendedRight","False","True","False"
"child.mathiasmotron.com","CN=Server Operators,CN=Builtin,DC=child,DC=mathiasmotron,DC=com","Group","Server Operators","True","NT AUTHORITY\SYSTEM","NT AUTHORITY\SYSTEM","Allow","GenericAll","False","True","False"
"child.mathiasmotron.com","CN=Server Operators,CN=Builtin,DC=child,DC=mathiasmotron,DC=com","Group","Server Operators","True","S-1-5-32-554","S-1-5-32-554","Allow","ReadProperty","False","False","True"
"child.mathiasmotron.com","CN=Server Operators,CN=Builtin,DC=child,DC=mathiasmotron,DC=com","Group","Server Operators","True","S-1-5-32-554","S-1-5-32-554","Allow","ReadProperty","False","False","True"
"child.mathiasmotron.com","CN=Server Operators,CN=Builtin,DC=child,DC=mathiasmotron,DC=com","Group","Server Operators","True","S-1-5-32-554","S-1-5-32-554","Allow","ReadProperty","False","False","True"
"child.mathiasmotron.com","CN=Server Operators,CN=Builtin,DC=child,DC=mathiasmotron,DC=com","Group","Server Operators","True","S-1-5-32-554","S-1-5-32-554","Allow","ReadProperty","False","False","True"
"child.mathiasmotron.com","CN=Server Operators,CN=Builtin,DC=child,DC=mathiasmotron,DC=com","Group","Server Operators","True","S-1-5-32-554","S-1-5-32-554","Allow","ReadProperty","False","False","True"
"child.mathiasmotron.com","CN=Server Operators,CN=Builtin,DC=child,DC=mathiasmotron,DC=com","Group","Server Operators","True","S-1-5-32-554","S-1-5-32-554","Allow","ReadProperty","False","False","True"
"child.mathiasmotron.com","CN=Server Operators,CN=Builtin,DC=child,DC=mathiasmotron,DC=com","Group","Server Operators","True","S-1-5-32-554","S-1-5-32-554","Allow","ReadProperty","False","False","True"
"child.mathiasmotron.com","CN=Server Operators,CN=Builtin,DC=child,DC=mathiasmotron,DC=com","Group","Server Operators","True","S-1-5-32-554","S-1-5-32-554","Allow","GenericRead","False","False","True"
"child.mathiasmotron.com","CN=Server Operators,CN=Builtin,DC=child,DC=mathiasmotron,DC=com","Group","Server Operators","True","S-1-5-32-554","S-1-5-32-554","Allow","GenericRead","False","False","True"
"child.mathiasmotron.com","CN=Server Operators,CN=Builtin,DC=child,DC=mathiasmotron,DC=com","Group","Server Operators","True","S-1-5-32-554","S-1-5-32-554","Allow","ReadProperty","False","False","True"
"child.mathiasmotron.com","CN=Server Operators,CN=Builtin,DC=child,DC=mathiasmotron,DC=com","Group","Server Operators","True","S-1-5-32-554","S-1-5-32-554","Allow","ReadProperty","False","False","True"
"child.mathiasmotron.com","CN=Server Operators,CN=Builtin,DC=child,DC=mathiasmotron,DC=com","Group","Server Operators","True","S-1-5-32-560","S-1-5-32-560","Allow","ReadProperty","False","False","True"
"child.mathiasmotron.com","CN=Server Operators,CN=Builtin,DC=child,DC=mathiasmotron,DC=com","Group","Server Operators","True","S-1-5-32-561","S-1-5-32-561","Allow","ReadProperty, WriteProperty","False","False","True"
"child.mathiasmotron.com","CN=Server Operators,CN=Builtin,DC=child,DC=mathiasmotron,DC=com","Group","Server Operators","True","S-1-5-32-561","S-1-5-32-561","Allow","ReadProperty, WriteProperty","False","False","True"
"child.mathiasmotron.com","CN=Admin,CN=Users,DC=child,DC=mathiasmotron,DC=com","User","Admin","True","BUILTIN\Administrators","BUILTIN\Administrators","Allow","CreateChild, DeleteChild, Self, WriteProperty, ExtendedRight, Delete, GenericRead, WriteDacl, WriteOwner","False","True","False"
"child.mathiasmotron.com","CN=Admin,CN=Users,DC=child,DC=mathiasmotron,DC=com","User","Admin","True","CHILD\Cert Publishers","CHILD\Cert Publishers","Allow","ReadProperty, WriteProperty","False","True","False"
"child.mathiasmotron.com","CN=Admin,CN=Users,DC=child,DC=mathiasmotron,DC=com","User","Admin","True","CHILD\Domain Admins","CHILD\Domain Admins","Allow","CreateChild, DeleteChild, Self, WriteProperty, ExtendedRight, GenericRead, WriteDacl, WriteOwner","False","True","False"
"child.mathiasmotron.com","CN=Admin,CN=Users,DC=child,DC=mathiasmotron,DC=com","User","Admin","True","Everyone","Everyone","Allow","ExtendedRight","False","True","False"
"child.mathiasmotron.com","CN=Admin,CN=Users,DC=child,DC=mathiasmotron,DC=com","User","Admin","True","MATHIASMOTRON\Enterprise Admins","MATHIASMOTRON\Enterprise Admins","Allow","CreateChild, DeleteChild, Self, WriteProperty, ExtendedRight, GenericRead, WriteDacl, WriteOwner","False","False","True"
"child.mathiasmotron.com","CN=Admin,CN=Users,DC=child,DC=mathiasmotron,DC=com","User","Admin","True","NT AUTHORITY\Authenticated Users","NT AUTHORITY\Authenticated Users","Allow","GenericRead","False","True","False"
"child.mathiasmotron.com","CN=Admin,CN=Users,DC=child,DC=mathiasmotron,DC=com","User","Admin","True","NT AUTHORITY\SELF","NT AUTHORITY\SELF","Allow","ExtendedRight","False","True","False"
"child.mathiasmotron.com","CN=Admin,CN=Users,DC=child,DC=mathiasmotron,DC=com","User","Admin","True","NT AUTHORITY\SELF","NT AUTHORITY\SELF","Allow","ReadProperty, WriteProperty, ExtendedRight","False","True","False"
"child.mathiasmotron.com","CN=Admin,CN=Users,DC=child,DC=mathiasmotron,DC=com","User","Admin","True","NT AUTHORITY\SYSTEM","NT AUTHORITY\SYSTEM","Allow","GenericAll","False","True","False"
"child.mathiasmotron.com","CN=Admin,CN=Users,DC=child,DC=mathiasmotron,DC=com","User","Admin","True","S-1-5-32-554","S-1-5-32-554","Allow","ReadProperty","False","False","True"
"child.mathiasmotron.com","CN=Admin,CN=Users,DC=child,DC=mathiasmotron,DC=com","User","Admin","True","S-1-5-32-554","S-1-5-32-554","Allow","ReadProperty","False","False","True"
"child.mathiasmotron.com","CN=Admin,CN=Users,DC=child,DC=mathiasmotron,DC=com","User","Admin","True","S-1-5-32-554","S-1-5-32-554","Allow","GenericRead","False","False","True"
"child.mathiasmotron.com","CN=Admin,CN=Users,DC=child,DC=mathiasmotron,DC=com","User","Admin","True","S-1-5-32-554","S-1-5-32-554","Allow","ReadProperty","False","False","True"
"child.mathiasmotron.com","CN=Admin,CN=Users,DC=child,DC=mathiasmotron,DC=com","User","Admin","True","S-1-5-32-554","S-1-5-32-554","Allow","ReadProperty","False","False","True"
"child.mathiasmotron.com","CN=Admin,CN=Users,DC=child,DC=mathiasmotron,DC=com","User","Admin","True","S-1-5-32-554","S-1-5-32-554","Allow","ReadProperty","False","False","True"
"child.mathiasmotron.com","CN=Admin,CN=Users,DC=child,DC=mathiasmotron,DC=com","User","Admin","True","S-1-5-32-554","S-1-5-32-554","Allow","ReadProperty","False","False","True"
"child.mathiasmotron.com","CN=Admin,CN=Users,DC=child,DC=mathiasmotron,DC=com","User","Admin","True","S-1-5-32-554","S-1-5-32-554","Allow","ReadProperty","False","False","True"
"child.mathiasmotron.com","CN=Admin,CN=Users,DC=child,DC=mathiasmotron,DC=com","User","Admin","True","S-1-5-32-554","S-1-5-32-554","Allow","ReadProperty","False","False","True"
"child.mathiasmotron.com","CN=Admin,CN=Users,DC=child,DC=mathiasmotron,DC=com","User","Admin","True","S-1-5-32-554","S-1-5-32-554","Allow","GenericRead","False","False","True"
"child.mathiasmotron.com","CN=Admin,CN=Users,DC=child,DC=mathiasmotron,DC=com","User","Admin","True","S-1-5-32-554","S-1-5-32-554","Allow","ReadProperty","False","False","True"
"child.mathiasmotron.com","CN=Admin,CN=Users,DC=child,DC=mathiasmotron,DC=com","User","Admin","True","S-1-5-32-560","S-1-5-32-560","Allow","ReadProperty","False","False","True"
"child.mathiasmotron.com","CN=Admin,CN=Users,DC=child,DC=mathiasmotron,DC=com","User","Admin","True","S-1-5-32-561","S-1-5-32-561","Allow","ReadProperty, WriteProperty","False","False","True"
"child.mathiasmotron.com","CN=Admin,CN=Users,DC=child,DC=mathiasmotron,DC=com","User","Admin","True","S-1-5-32-561","S-1-5-32-561","Allow","ReadProperty, WriteProperty","False","False","True"
"child.mathiasmotron.com","CN=krbtgt,CN=Users,DC=child,DC=mathiasmotron,DC=com","User","krbtgt","True","BUILTIN\Administrators","BUILTIN\Administrators","Allow","CreateChild, DeleteChild, Self, WriteProperty, ExtendedRight, Delete, GenericRead, WriteDacl, WriteOwner","False","True","False"
"child.mathiasmotron.com","CN=krbtgt,CN=Users,DC=child,DC=mathiasmotron,DC=com","User","krbtgt","True","CHILD\Cert Publishers","CHILD\Cert Publishers","Allow","ReadProperty, WriteProperty","False","True","False"
"child.mathiasmotron.com","CN=krbtgt,CN=Users,DC=child,DC=mathiasmotron,DC=com","User","krbtgt","True","CHILD\Domain Admins","CHILD\Domain Admins","Allow","CreateChild, DeleteChild, Self, WriteProperty, ExtendedRight, GenericRead, WriteDacl, WriteOwner","False","True","False"
"child.mathiasmotron.com","CN=krbtgt,CN=Users,DC=child,DC=mathiasmotron,DC=com","User","krbtgt","True","Everyone","Everyone","Allow","ExtendedRight","False","True","False"
"child.mathiasmotron.com","CN=krbtgt,CN=Users,DC=child,DC=mathiasmotron,DC=com","User","krbtgt","True","MATHIASMOTRON\Enterprise Admins","MATHIASMOTRON\Enterprise Admins","Allow","CreateChild, DeleteChild, Self, WriteProperty, ExtendedRight, GenericRead, WriteDacl, WriteOwner","False","False","True"
"child.mathiasmotron.com","CN=krbtgt,CN=Users,DC=child,DC=mathiasmotron,DC=com","User","krbtgt","True","NT AUTHORITY\Authenticated Users","NT AUTHORITY\Authenticated Users","Allow","GenericRead","False","True","False"
"child.mathiasmotron.com","CN=krbtgt,CN=Users,DC=child,DC=mathiasmotron,DC=com","User","krbtgt","True","NT AUTHORITY\SELF","NT AUTHORITY\SELF","Allow","ExtendedRight","False","True","False"
"child.mathiasmotron.com","CN=krbtgt,CN=Users,DC=child,DC=mathiasmotron,DC=com","User","krbtgt","True","NT AUTHORITY\SELF","NT AUTHORITY\SELF","Allow","ReadProperty, WriteProperty, ExtendedRight","False","True","False"
"child.mathiasmotron.com","CN=krbtgt,CN=Users,DC=child,DC=mathiasmotron,DC=com","User","krbtgt","True","NT AUTHORITY\SYSTEM","NT AUTHORITY\SYSTEM","Allow","GenericAll","False","True","False"
"child.mathiasmotron.com","CN=krbtgt,CN=Users,DC=child,DC=mathiasmotron,DC=com","User","krbtgt","True","S-1-5-32-554","S-1-5-32-554","Allow","GenericRead","False","False","True"
"child.mathiasmotron.com","CN=krbtgt,CN=Users,DC=child,DC=mathiasmotron,DC=com","User","krbtgt","True","S-1-5-32-554","S-1-5-32-554","Allow","GenericRead","False","False","True"
"child.mathiasmotron.com","CN=krbtgt,CN=Users,DC=child,DC=mathiasmotron,DC=com","User","krbtgt","True","S-1-5-32-554","S-1-5-32-554","Allow","ReadProperty","False","False","True"
"child.mathiasmotron.com","CN=krbtgt,CN=Users,DC=child,DC=mathiasmotron,DC=com","User","krbtgt","True","S-1-5-32-554","S-1-5-32-554","Allow","ReadProperty","False","False","True"
"child.mathiasmotron.com","CN=krbtgt,CN=Users,DC=child,DC=mathiasmotron,DC=com","User","krbtgt","True","S-1-5-32-554","S-1-5-32-554","Allow","ReadProperty","False","False","True"
"child.mathiasmotron.com","CN=krbtgt,CN=Users,DC=child,DC=mathiasmotron,DC=com","User","krbtgt","True","S-1-5-32-554","S-1-5-32-554","Allow","ReadProperty","False","False","True"
"child.mathiasmotron.com","CN=krbtgt,CN=Users,DC=child,DC=mathiasmotron,DC=com","User","krbtgt","True","S-1-5-32-554","S-1-5-32-554","Allow","ReadProperty","False","False","True"
"child.mathiasmotron.com","CN=krbtgt,CN=Users,DC=child,DC=mathiasmotron,DC=com","User","krbtgt","True","S-1-5-32-554","S-1-5-32-554","Allow","ReadProperty","False","False","True"
"child.mathiasmotron.com","CN=krbtgt,CN=Users,DC=child,DC=mathiasmotron,DC=com","User","krbtgt","True","S-1-5-32-554","S-1-5-32-554","Allow","ReadProperty","False","False","True"
"child.mathiasmotron.com","CN=krbtgt,CN=Users,DC=child,DC=mathiasmotron,DC=com","User","krbtgt","True","S-1-5-32-554","S-1-5-32-554","Allow","ReadProperty","False","False","True"
"child.mathiasmotron.com","CN=krbtgt,CN=Users,DC=child,DC=mathiasmotron,DC=com","User","krbtgt","True","S-1-5-32-554","S-1-5-32-554","Allow","ReadProperty","False","False","True"
"child.mathiasmotron.com","CN=krbtgt,CN=Users,DC=child,DC=mathiasmotron,DC=com","User","krbtgt","True","S-1-5-32-560","S-1-5-32-560","Allow","ReadProperty","False","False","True"
"child.mathiasmotron.com","CN=krbtgt,CN=Users,DC=child,DC=mathiasmotron,DC=com","User","krbtgt","True","S-1-5-32-561","S-1-5-32-561","Allow","ReadProperty, WriteProperty","False","False","True"
"child.mathiasmotron.com","CN=krbtgt,CN=Users,DC=child,DC=mathiasmotron,DC=com","User","krbtgt","True","S-1-5-32-561","S-1-5-32-561","Allow","ReadProperty, WriteProperty","False","False","True"
"child.mathiasmotron.com","CN=mathiasadmin,CN=Users,DC=child,DC=mathiasmotron,DC=com","User","mathiasadmin","True","BUILTIN\Administrators","BUILTIN\Administrators","Allow","CreateChild, DeleteChild, Self, WriteProperty, ExtendedRight, Delete, GenericRead, WriteDacl, WriteOwner","False","True","False"
"child.mathiasmotron.com","CN=mathiasadmin,CN=Users,DC=child,DC=mathiasmotron,DC=com","User","mathiasadmin","True","CHILD\Cert Publishers","CHILD\Cert Publishers","Allow","ReadProperty, WriteProperty","False","True","False"
"child.mathiasmotron.com","CN=mathiasadmin,CN=Users,DC=child,DC=mathiasmotron,DC=com","User","mathiasadmin","True","CHILD\Domain Admins","CHILD\Domain Admins","Allow","CreateChild, DeleteChild, Self, WriteProperty, ExtendedRight, GenericRead, WriteDacl, WriteOwner","False","True","False"
"child.mathiasmotron.com","CN=mathiasadmin,CN=Users,DC=child,DC=mathiasmotron,DC=com","User","mathiasadmin","True","Everyone","Everyone","Allow","ExtendedRight","False","True","False"
"child.mathiasmotron.com","CN=mathiasadmin,CN=Users,DC=child,DC=mathiasmotron,DC=com","User","mathiasadmin","True","MATHIASMOTRON\Enterprise Admins","MATHIASMOTRON\Enterprise Admins","Allow","CreateChild, DeleteChild, Self, WriteProperty, ExtendedRight, GenericRead, WriteDacl, WriteOwner","False","False","True"
"child.mathiasmotron.com","CN=mathiasadmin,CN=Users,DC=child,DC=mathiasmotron,DC=com","User","mathiasadmin","True","NT AUTHORITY\Authenticated Users","NT AUTHORITY\Authenticated Users","Allow","GenericRead","False","True","False"
"child.mathiasmotron.com","CN=mathiasadmin,CN=Users,DC=child,DC=mathiasmotron,DC=com","User","mathiasadmin","True","NT AUTHORITY\SELF","NT AUTHORITY\SELF","Allow","ExtendedRight","False","True","False"
"child.mathiasmotron.com","CN=mathiasadmin,CN=Users,DC=child,DC=mathiasmotron,DC=com","User","mathiasadmin","True","NT AUTHORITY\SELF","NT AUTHORITY\SELF","Allow","ReadProperty, WriteProperty, ExtendedRight","False","True","False"
"child.mathiasmotron.com","CN=mathiasadmin,CN=Users,DC=child,DC=mathiasmotron,DC=com","User","mathiasadmin","True","NT AUTHORITY\SYSTEM","NT AUTHORITY\SYSTEM","Allow","GenericAll","False","True","False"
"child.mathiasmotron.com","CN=mathiasadmin,CN=Users,DC=child,DC=mathiasmotron,DC=com","User","mathiasadmin","True","S-1-5-32-554","S-1-5-32-554","Allow","ReadProperty","False","False","True"
"child.mathiasmotron.com","CN=mathiasadmin,CN=Users,DC=child,DC=mathiasmotron,DC=com","User","mathiasadmin","True","S-1-5-32-554","S-1-5-32-554","Allow","GenericRead","False","False","True"
"child.mathiasmotron.com","CN=mathiasadmin,CN=Users,DC=child,DC=mathiasmotron,DC=com","User","mathiasadmin","True","S-1-5-32-554","S-1-5-32-554","Allow","GenericRead","False","False","True"
"child.mathiasmotron.com","CN=mathiasadmin,CN=Users,DC=child,DC=mathiasmotron,DC=com","User","mathiasadmin","True","S-1-5-32-554","S-1-5-32-554","Allow","ReadProperty","False","False","True"
"child.mathiasmotron.com","CN=mathiasadmin,CN=Users,DC=child,DC=mathiasmotron,DC=com","User","mathiasadmin","True","S-1-5-32-554","S-1-5-32-554","Allow","ReadProperty","False","False","True"
"child.mathiasmotron.com","CN=mathiasadmin,CN=Users,DC=child,DC=mathiasmotron,DC=com","User","mathiasadmin","True","S-1-5-32-554","S-1-5-32-554","Allow","ReadProperty","False","False","True"
"child.mathiasmotron.com","CN=mathiasadmin,CN=Users,DC=child,DC=mathiasmotron,DC=com","User","mathiasadmin","True","S-1-5-32-554","S-1-5-32-554","Allow","ReadProperty","False","False","True"
"child.mathiasmotron.com","CN=mathiasadmin,CN=Users,DC=child,DC=mathiasmotron,DC=com","User","mathiasadmin","True","S-1-5-32-554","S-1-5-32-554","Allow","ReadProperty","False","False","True"
"child.mathiasmotron.com","CN=mathiasadmin,CN=Users,DC=child,DC=mathiasmotron,DC=com","User","mathiasadmin","True","S-1-5-32-554","S-1-5-32-554","Allow","ReadProperty","False","False","True"
"child.mathiasmotron.com","CN=mathiasadmin,CN=Users,DC=child,DC=mathiasmotron,DC=com","User","mathiasadmin","True","S-1-5-32-554","S-1-5-32-554","Allow","ReadProperty","False","False","True"
"child.mathiasmotron.com","CN=mathiasadmin,CN=Users,DC=child,DC=mathiasmotron,DC=com","User","mathiasadmin","True","S-1-5-32-554","S-1-5-32-554","Allow","ReadProperty","False","False","True"
"child.mathiasmotron.com","CN=mathiasadmin,CN=Users,DC=child,DC=mathiasmotron,DC=com","User","mathiasadmin","True","S-1-5-32-560","S-1-5-32-560","Allow","ReadProperty","False","False","True"
"child.mathiasmotron.com","CN=mathiasadmin,CN=Users,DC=child,DC=mathiasmotron,DC=com","User","mathiasadmin","True","S-1-5-32-561","S-1-5-32-561","Allow","ReadProperty, WriteProperty","False","False","True"
"child.mathiasmotron.com","CN=mathiasadmin,CN=Users,DC=child,DC=mathiasmotron,DC=com","User","mathiasadmin","True","S-1-5-32-561","S-1-5-32-561","Allow","ReadProperty, WriteProperty","False","False","True"
"mathiasmotron.com","CN=Account Operators,CN=Builtin,DC=mathiasmotron,DC=com","Group","Account Operators","True","BUILTIN\Administrators","BUILTIN\Administrators","Allow","CreateChild, DeleteChild, Self, WriteProperty, ExtendedRight, Delete, GenericRead, WriteDacl, WriteOwner","False","True","False"
"mathiasmotron.com","CN=Account Operators,CN=Builtin,DC=mathiasmotron,DC=com","Group","Account Operators","True","Everyone","Everyone","Allow","ExtendedRight","False","True","False"
"mathiasmotron.com","CN=Account Operators,CN=Builtin,DC=mathiasmotron,DC=com","Group","Account Operators","True","MATHIASMOTRON\Cert Publishers","MATHIASMOTRON\Cert Publishers","Allow","ReadProperty, WriteProperty","False","True","False"
"mathiasmotron.com","CN=Account Operators,CN=Builtin,DC=mathiasmotron,DC=com","Group","Account Operators","True","MATHIASMOTRON\Domain Admins","MATHIASMOTRON\Domain Admins","Allow","CreateChild, DeleteChild, Self, WriteProperty, ExtendedRight, GenericRead, WriteDacl, WriteOwner","False","True","False"
"mathiasmotron.com","CN=Account Operators,CN=Builtin,DC=mathiasmotron,DC=com","Group","Account Operators","True","MATHIASMOTRON\Enterprise Admins","MATHIASMOTRON\Enterprise Admins","Allow","CreateChild, DeleteChild, Self, WriteProperty, ExtendedRight, GenericRead, WriteDacl, WriteOwner","False","True","False"
"mathiasmotron.com","CN=Account Operators,CN=Builtin,DC=mathiasmotron,DC=com","Group","Account Operators","True","MATHIASMOTRON\krbtgt","MATHIASMOTRON\krbtgt","Allow","GenericRead","False","False","True"
"mathiasmotron.com","CN=Account Operators,CN=Builtin,DC=mathiasmotron,DC=com","Group","Account Operators","True","NT AUTHORITY\Authenticated Users","NT AUTHORITY\Authenticated Users","Allow","ReadProperty","False","True","False"
"mathiasmotron.com","CN=Account Operators,CN=Builtin,DC=mathiasmotron,DC=com","Group","Account Operators","True","NT AUTHORITY\Authenticated Users","NT AUTHORITY\Authenticated Users","Allow","GenericRead","False","True","False"
"mathiasmotron.com","CN=Account Operators,CN=Builtin,DC=mathiasmotron,DC=com","Group","Account Operators","True","NT AUTHORITY\NETWORK SERVICE","NT AUTHORITY\NETWORK SERVICE","Allow","ReadProperty","False","True","False"
"mathiasmotron.com","CN=Account Operators,CN=Builtin,DC=mathiasmotron,DC=com","Group","Account Operators","True","NT AUTHORITY\SELF","NT AUTHORITY\SELF","Allow","ReadProperty, WriteProperty, ExtendedRight","False","True","False"
"mathiasmotron.com","CN=Account Operators,CN=Builtin,DC=mathiasmotron,DC=com","Group","Account Operators","True","NT AUTHORITY\SELF","NT AUTHORITY\SELF","Allow","ExtendedRight","False","True","False"
"mathiasmotron.com","CN=Account Operators,CN=Builtin,DC=mathiasmotron,DC=com","Group","Account Operators","True","NT AUTHORITY\SYSTEM","NT AUTHORITY\SYSTEM","Allow","GenericAll","False","True","False"
"mathiasmotron.com","CN=Account Operators,CN=Builtin,DC=mathiasmotron,DC=com","Group","Account Operators","True","S-1-5-32-554","S-1-5-32-554","Allow","GenericRead","False","False","True"
"mathiasmotron.com","CN=Account Operators,CN=Builtin,DC=mathiasmotron,DC=com","Group","Account Operators","True","S-1-5-32-560","S-1-5-32-560","Allow","ReadProperty","False","False","True"
"mathiasmotron.com","CN=Account Operators,CN=Builtin,DC=mathiasmotron,DC=com","Group","Account Operators","True","S-1-5-32-561","S-1-5-32-561","Allow","ReadProperty, WriteProperty","False","False","True"
"mathiasmotron.com","CN=Account Operators,CN=Builtin,DC=mathiasmotron,DC=com","Group","Account Operators","True","S-1-5-32-561","S-1-5-32-561","Allow","ReadProperty, WriteProperty","False","False","True"
"mathiasmotron.com","CN=Admin_AD_Full_Admins,OU=ADMIN GROUPS,OU=GROUPS,OU=PRD,DC=mathiasmotron,DC=com","Group","Admin_AD_Full_Admins","True","BUILTIN\Administrators","BUILTIN\Administrators","Allow","CreateChild, DeleteChild, Self, WriteProperty, ExtendedRight, Delete, GenericRead, WriteDacl, WriteOwner","False","True","False"
"mathiasmotron.com","CN=Admin_AD_Full_Admins,OU=ADMIN GROUPS,OU=GROUPS,OU=PRD,DC=mathiasmotron,DC=com","Group","Admin_AD_Full_Admins","True","Everyone","Everyone","Allow","ExtendedRight","False","True","False"
"mathiasmotron.com","CN=Admin_AD_Full_Admins,OU=ADMIN GROUPS,OU=GROUPS,OU=PRD,DC=mathiasmotron,DC=com","Group","Admin_AD_Full_Admins","True","MATHIASMOTRON\Cert Publishers","MATHIASMOTRON\Cert Publishers","Allow","ReadProperty, WriteProperty","False","True","False"
"mathiasmotron.com","CN=Admin_AD_Full_Admins,OU=ADMIN GROUPS,OU=GROUPS,OU=PRD,DC=mathiasmotron,DC=com","Group","Admin_AD_Full_Admins","True","MATHIASMOTRON\Domain Admins","MATHIASMOTRON\Domain Admins","Allow","CreateChild, DeleteChild, Self, WriteProperty, ExtendedRight, GenericRead, WriteDacl, WriteOwner","False","True","False"
"mathiasmotron.com","CN=Admin_AD_Full_Admins,OU=ADMIN GROUPS,OU=GROUPS,OU=PRD,DC=mathiasmotron,DC=com","Group","Admin_AD_Full_Admins","True","MATHIASMOTRON\Enterprise Admins","MATHIASMOTRON\Enterprise Admins","Allow","CreateChild, DeleteChild, Self, WriteProperty, ExtendedRight, GenericRead, WriteDacl, WriteOwner","False","True","False"
"mathiasmotron.com","CN=Admin_AD_Full_Admins,OU=ADMIN GROUPS,OU=GROUPS,OU=PRD,DC=mathiasmotron,DC=com","Group","Admin_AD_Full_Admins","True","MATHIASMOTRON\krbtgt","MATHIASMOTRON\krbtgt","Allow","GenericRead","False","False","True"
"mathiasmotron.com","CN=Admin_AD_Full_Admins,OU=ADMIN GROUPS,OU=GROUPS,OU=PRD,DC=mathiasmotron,DC=com","Group","Admin_AD_Full_Admins","True","NT AUTHORITY\Authenticated Users","NT AUTHORITY\Authenticated Users","Allow","GenericRead","False","True","False"
"mathiasmotron.com","CN=Admin_AD_Full_Admins,OU=ADMIN GROUPS,OU=GROUPS,OU=PRD,DC=mathiasmotron,DC=com","Group","Admin_AD_Full_Admins","True","NT AUTHORITY\Authenticated Users","NT AUTHORITY\Authenticated Users","Allow","ReadProperty","False","True","False"
"mathiasmotron.com","CN=Admin_AD_Full_Admins,OU=ADMIN GROUPS,OU=GROUPS,OU=PRD,DC=mathiasmotron,DC=com","Group","Admin_AD_Full_Admins","True","NT AUTHORITY\NETWORK SERVICE","NT AUTHORITY\NETWORK SERVICE","Allow","ReadProperty","False","True","False"
"mathiasmotron.com","CN=Admin_AD_Full_Admins,OU=ADMIN GROUPS,OU=GROUPS,OU=PRD,DC=mathiasmotron,DC=com","Group","Admin_AD_Full_Admins","True","NT AUTHORITY\SELF","NT AUTHORITY\SELF","Allow","ReadProperty, WriteProperty, ExtendedRight","False","True","False"
"mathiasmotron.com","CN=Admin_AD_Full_Admins,OU=ADMIN GROUPS,OU=GROUPS,OU=PRD,DC=mathiasmotron,DC=com","Group","Admin_AD_Full_Admins","True","NT AUTHORITY\SELF","NT AUTHORITY\SELF","Allow","ExtendedRight","False","True","False"
"mathiasmotron.com","CN=Admin_AD_Full_Admins,OU=ADMIN GROUPS,OU=GROUPS,OU=PRD,DC=mathiasmotron,DC=com","Group","Admin_AD_Full_Admins","True","NT AUTHORITY\SYSTEM","NT AUTHORITY\SYSTEM","Allow","GenericAll","False","True","False"
"mathiasmotron.com","CN=Admin_AD_Full_Admins,OU=ADMIN GROUPS,OU=GROUPS,OU=PRD,DC=mathiasmotron,DC=com","Group","Admin_AD_Full_Admins","True","S-1-5-32-554","S-1-5-32-554","Allow","GenericRead","False","False","True"
"mathiasmotron.com","CN=Admin_AD_Full_Admins,OU=ADMIN GROUPS,OU=GROUPS,OU=PRD,DC=mathiasmotron,DC=com","Group","Admin_AD_Full_Admins","True","S-1-5-32-560","S-1-5-32-560","Allow","ReadProperty","False","False","True"
"mathiasmotron.com","CN=Admin_AD_Full_Admins,OU=ADMIN GROUPS,OU=GROUPS,OU=PRD,DC=mathiasmotron,DC=com","Group","Admin_AD_Full_Admins","True","S-1-5-32-561","S-1-5-32-561","Allow","ReadProperty, WriteProperty","False","False","True"
"mathiasmotron.com","CN=Admin_AD_Full_Admins,OU=ADMIN GROUPS,OU=GROUPS,OU=PRD,DC=mathiasmotron,DC=com","Group","Admin_AD_Full_Admins","True","S-1-5-32-561","S-1-5-32-561","Allow","ReadProperty, WriteProperty","False","False","True"
"mathiasmotron.com","CN=Administrators,CN=Builtin,DC=mathiasmotron,DC=com","Group","Administrators","True","BUILTIN\Administrators","BUILTIN\Administrators","Allow","CreateChild, DeleteChild, Self, WriteProperty, ExtendedRight, Delete, GenericRead, WriteDacl, WriteOwner","False","True","False"
"mathiasmotron.com","CN=Administrators,CN=Builtin,DC=mathiasmotron,DC=com","Group","Administrators","True","Everyone","Everyone","Allow","ExtendedRight","False","True","False"
"mathiasmotron.com","CN=Administrators,CN=Builtin,DC=mathiasmotron,DC=com","Group","Administrators","True","MATHIASMOTRON\Cert Publishers","MATHIASMOTRON\Cert Publishers","Allow","ReadProperty, WriteProperty","False","True","False"
"mathiasmotron.com","CN=Administrators,CN=Builtin,DC=mathiasmotron,DC=com","Group","Administrators","True","MATHIASMOTRON\Domain Admins","MATHIASMOTRON\Domain Admins","Allow","CreateChild, DeleteChild, Self, WriteProperty, ExtendedRight, GenericRead, WriteDacl, WriteOwner","False","True","False"
"mathiasmotron.com","CN=Administrators,CN=Builtin,DC=mathiasmotron,DC=com","Group","Administrators","True","MATHIASMOTRON\Enterprise Admins","MATHIASMOTRON\Enterprise Admins","Allow","CreateChild, DeleteChild, Self, WriteProperty, ExtendedRight, GenericRead, WriteDacl, WriteOwner","False","True","False"
"mathiasmotron.com","CN=Administrators,CN=Builtin,DC=mathiasmotron,DC=com","Group","Administrators","True","MATHIASMOTRON\krbtgt","MATHIASMOTRON\krbtgt","Allow","GenericRead","False","False","True"
"mathiasmotron.com","CN=Administrators,CN=Builtin,DC=mathiasmotron,DC=com","Group","Administrators","True","NT AUTHORITY\Authenticated Users","NT AUTHORITY\Authenticated Users","Allow","ReadProperty","False","True","False"
"mathiasmotron.com","CN=Administrators,CN=Builtin,DC=mathiasmotron,DC=com","Group","Administrators","True","NT AUTHORITY\Authenticated Users","NT AUTHORITY\Authenticated Users","Allow","GenericRead","False","True","False"
"mathiasmotron.com","CN=Administrators,CN=Builtin,DC=mathiasmotron,DC=com","Group","Administrators","True","NT AUTHORITY\NETWORK SERVICE","NT AUTHORITY\NETWORK SERVICE","Allow","ReadProperty","False","True","False"
"mathiasmotron.com","CN=Administrators,CN=Builtin,DC=mathiasmotron,DC=com","Group","Administrators","True","NT AUTHORITY\SELF","NT AUTHORITY\SELF","Allow","ExtendedRight","False","True","False"
"mathiasmotron.com","CN=Administrators,CN=Builtin,DC=mathiasmotron,DC=com","Group","Administrators","True","NT AUTHORITY\SELF","NT AUTHORITY\SELF","Allow","ReadProperty, WriteProperty, ExtendedRight","False","True","False"
"mathiasmotron.com","CN=Administrators,CN=Builtin,DC=mathiasmotron,DC=com","Group","Administrators","True","NT AUTHORITY\SYSTEM","NT AUTHORITY\SYSTEM","Allow","GenericAll","False","True","False"
"mathiasmotron.com","CN=Administrators,CN=Builtin,DC=mathiasmotron,DC=com","Group","Administrators","True","S-1-5-32-554","S-1-5-32-554","Allow","GenericRead","False","False","True"
"mathiasmotron.com","CN=Administrators,CN=Builtin,DC=mathiasmotron,DC=com","Group","Administrators","True","S-1-5-32-560","S-1-5-32-560","Allow","ReadProperty","False","False","True"
"mathiasmotron.com","CN=Administrators,CN=Builtin,DC=mathiasmotron,DC=com","Group","Administrators","True","S-1-5-32-561","S-1-5-32-561","Allow","ReadProperty, WriteProperty","False","False","True"
"mathiasmotron.com","CN=Administrators,CN=Builtin,DC=mathiasmotron,DC=com","Group","Administrators","True","S-1-5-32-561","S-1-5-32-561","Allow","ReadProperty, WriteProperty","False","False","True"
"mathiasmotron.com","CN=Backup Operators,CN=Builtin,DC=mathiasmotron,DC=com","Group","Backup Operators","True","BUILTIN\Administrators","BUILTIN\Administrators","Allow","CreateChild, DeleteChild, Self, WriteProperty, ExtendedRight, Delete, GenericRead, WriteDacl, WriteOwner","False","True","False"
"mathiasmotron.com","CN=Backup Operators,CN=Builtin,DC=mathiasmotron,DC=com","Group","Backup Operators","True","Everyone","Everyone","Allow","ExtendedRight","False","True","False"
"mathiasmotron.com","CN=Backup Operators,CN=Builtin,DC=mathiasmotron,DC=com","Group","Backup Operators","True","MATHIASMOTRON\Cert Publishers","MATHIASMOTRON\Cert Publishers","Allow","ReadProperty, WriteProperty","False","True","False"
"mathiasmotron.com","CN=Backup Operators,CN=Builtin,DC=mathiasmotron,DC=com","Group","Backup Operators","True","MATHIASMOTRON\Domain Admins","MATHIASMOTRON\Domain Admins","Allow","CreateChild, DeleteChild, Self, WriteProperty, ExtendedRight, GenericRead, WriteDacl, WriteOwner","False","True","False"
"mathiasmotron.com","CN=Backup Operators,CN=Builtin,DC=mathiasmotron,DC=com","Group","Backup Operators","True","MATHIASMOTRON\Enterprise Admins","MATHIASMOTRON\Enterprise Admins","Allow","CreateChild, DeleteChild, Self, WriteProperty, ExtendedRight, GenericRead, WriteDacl, WriteOwner","False","True","False"
"mathiasmotron.com","CN=Backup Operators,CN=Builtin,DC=mathiasmotron,DC=com","Group","Backup Operators","True","MATHIASMOTRON\krbtgt","MATHIASMOTRON\krbtgt","Allow","GenericRead","False","False","True"
"mathiasmotron.com","CN=Backup Operators,CN=Builtin,DC=mathiasmotron,DC=com","Group","Backup Operators","True","NT AUTHORITY\Authenticated Users","NT AUTHORITY\Authenticated Users","Allow","ReadProperty","False","True","False"
"mathiasmotron.com","CN=Backup Operators,CN=Builtin,DC=mathiasmotron,DC=com","Group","Backup Operators","True","NT AUTHORITY\Authenticated Users","NT AUTHORITY\Authenticated Users","Allow","GenericRead","False","True","False"
"mathiasmotron.com","CN=Backup Operators,CN=Builtin,DC=mathiasmotron,DC=com","Group","Backup Operators","True","NT AUTHORITY\NETWORK SERVICE","NT AUTHORITY\NETWORK SERVICE","Allow","ReadProperty","False","True","False"
"mathiasmotron.com","CN=Backup Operators,CN=Builtin,DC=mathiasmotron,DC=com","Group","Backup Operators","True","NT AUTHORITY\SELF","NT AUTHORITY\SELF","Allow","ReadProperty, WriteProperty, ExtendedRight","False","True","False"
"mathiasmotron.com","CN=Backup Operators,CN=Builtin,DC=mathiasmotron,DC=com","Group","Backup Operators","True","NT AUTHORITY\SELF","NT AUTHORITY\SELF","Allow","ExtendedRight","False","True","False"
"mathiasmotron.com","CN=Backup Operators,CN=Builtin,DC=mathiasmotron,DC=com","Group","Backup Operators","True","NT AUTHORITY\SYSTEM","NT AUTHORITY\SYSTEM","Allow","GenericAll","False","True","False"
"mathiasmotron.com","CN=Backup Operators,CN=Builtin,DC=mathiasmotron,DC=com","Group","Backup Operators","True","S-1-5-32-554","S-1-5-32-554","Allow","GenericRead","False","False","True"
"mathiasmotron.com","CN=Backup Operators,CN=Builtin,DC=mathiasmotron,DC=com","Group","Backup Operators","True","S-1-5-32-560","S-1-5-32-560","Allow","ReadProperty","False","False","True"
"mathiasmotron.com","CN=Backup Operators,CN=Builtin,DC=mathiasmotron,DC=com","Group","Backup Operators","True","S-1-5-32-561","S-1-5-32-561","Allow","ReadProperty, WriteProperty","False","False","True"
"mathiasmotron.com","CN=Backup Operators,CN=Builtin,DC=mathiasmotron,DC=com","Group","Backup Operators","True","S-1-5-32-561","S-1-5-32-561","Allow","ReadProperty, WriteProperty","False","False","True"
"mathiasmotron.com","CN=Domain Admins,CN=Users,DC=mathiasmotron,DC=com","Group","Domain Admins","True","BUILTIN\Administrators","BUILTIN\Administrators","Allow","CreateChild, DeleteChild, Self, WriteProperty, ExtendedRight, Delete, GenericRead, WriteDacl, WriteOwner","False","True","False"
"mathiasmotron.com","CN=Domain Admins,CN=Users,DC=mathiasmotron,DC=com","Group","Domain Admins","True","Everyone","Everyone","Allow","ExtendedRight","False","True","False"
"mathiasmotron.com","CN=Domain Admins,CN=Users,DC=mathiasmotron,DC=com","Group","Domain Admins","True","MATHIASMOTRON\Cert Publishers","MATHIASMOTRON\Cert Publishers","Allow","ReadProperty, WriteProperty","False","True","False"
"mathiasmotron.com","CN=Domain Admins,CN=Users,DC=mathiasmotron,DC=com","Group","Domain Admins","True","MATHIASMOTRON\Domain Admins","MATHIASMOTRON\Domain Admins","Allow","CreateChild, DeleteChild, Self, WriteProperty, ExtendedRight, GenericRead, WriteDacl, WriteOwner","False","True","False"
"mathiasmotron.com","CN=Domain Admins,CN=Users,DC=mathiasmotron,DC=com","Group","Domain Admins","True","MATHIASMOTRON\Enterprise Admins","MATHIASMOTRON\Enterprise Admins","Allow","CreateChild, DeleteChild, Self, WriteProperty, ExtendedRight, GenericRead, WriteDacl, WriteOwner","False","True","False"
"mathiasmotron.com","CN=Domain Admins,CN=Users,DC=mathiasmotron,DC=com","Group","Domain Admins","True","MATHIASMOTRON\krbtgt","MATHIASMOTRON\krbtgt","Allow","GenericRead","False","False","True"
"mathiasmotron.com","CN=Domain Admins,CN=Users,DC=mathiasmotron,DC=com","Group","Domain Admins","True","NT AUTHORITY\Authenticated Users","NT AUTHORITY\Authenticated Users","Allow","ReadProperty","False","True","False"
"mathiasmotron.com","CN=Domain Admins,CN=Users,DC=mathiasmotron,DC=com","Group","Domain Admins","True","NT AUTHORITY\Authenticated Users","NT AUTHORITY\Authenticated Users","Allow","GenericRead","False","True","False"
"mathiasmotron.com","CN=Domain Admins,CN=Users,DC=mathiasmotron,DC=com","Group","Domain Admins","True","NT AUTHORITY\NETWORK SERVICE","NT AUTHORITY\NETWORK SERVICE","Allow","ReadProperty","False","True","False"
"mathiasmotron.com","CN=Domain Admins,CN=Users,DC=mathiasmotron,DC=com","Group","Domain Admins","True","NT AUTHORITY\SELF","NT AUTHORITY\SELF","Allow","ReadProperty, WriteProperty, ExtendedRight","False","True","False"
"mathiasmotron.com","CN=Domain Admins,CN=Users,DC=mathiasmotron,DC=com","Group","Domain Admins","True","NT AUTHORITY\SELF","NT AUTHORITY\SELF","Allow","ExtendedRight","False","True","False"
"mathiasmotron.com","CN=Domain Admins,CN=Users,DC=mathiasmotron,DC=com","Group","Domain Admins","True","NT AUTHORITY\SYSTEM","NT AUTHORITY\SYSTEM","Allow","GenericAll","False","True","False"
"mathiasmotron.com","CN=Domain Admins,CN=Users,DC=mathiasmotron,DC=com","Group","Domain Admins","True","S-1-5-32-554","S-1-5-32-554","Allow","GenericRead","False","False","True"
"mathiasmotron.com","CN=Domain Admins,CN=Users,DC=mathiasmotron,DC=com","Group","Domain Admins","True","S-1-5-32-560","S-1-5-32-560","Allow","ReadProperty","False","False","True"
"mathiasmotron.com","CN=Domain Admins,CN=Users,DC=mathiasmotron,DC=com","Group","Domain Admins","True","S-1-5-32-561","S-1-5-32-561","Allow","ReadProperty, WriteProperty","False","False","True"
"mathiasmotron.com","CN=Domain Admins,CN=Users,DC=mathiasmotron,DC=com","Group","Domain Admins","True","S-1-5-32-561","S-1-5-32-561","Allow","ReadProperty, WriteProperty","False","False","True"
"mathiasmotron.com","CN=Domain Controllers,CN=Users,DC=mathiasmotron,DC=com","Group","Domain Controllers","True","BUILTIN\Administrators","BUILTIN\Administrators","Allow","CreateChild, DeleteChild, Self, WriteProperty, ExtendedRight, Delete, GenericRead, WriteDacl, WriteOwner","False","True","False"
"mathiasmotron.com","CN=Domain Controllers,CN=Users,DC=mathiasmotron,DC=com","Group","Domain Controllers","True","Everyone","Everyone","Allow","ExtendedRight","False","True","False"
"mathiasmotron.com","CN=Domain Controllers,CN=Users,DC=mathiasmotron,DC=com","Group","Domain Controllers","True","MATHIASMOTRON\Cert Publishers","MATHIASMOTRON\Cert Publishers","Allow","ReadProperty, WriteProperty","False","True","False"
"mathiasmotron.com","CN=Domain Controllers,CN=Users,DC=mathiasmotron,DC=com","Group","Domain Controllers","True","MATHIASMOTRON\Domain Admins","MATHIASMOTRON\Domain Admins","Allow","CreateChild, DeleteChild, Self, WriteProperty, ExtendedRight, GenericRead, WriteDacl, WriteOwner","False","True","False"
"mathiasmotron.com","CN=Domain Controllers,CN=Users,DC=mathiasmotron,DC=com","Group","Domain Controllers","True","MATHIASMOTRON\Enterprise Admins","MATHIASMOTRON\Enterprise Admins","Allow","CreateChild, DeleteChild, Self, WriteProperty, ExtendedRight, GenericRead, WriteDacl, WriteOwner","False","True","False"
"mathiasmotron.com","CN=Domain Controllers,CN=Users,DC=mathiasmotron,DC=com","Group","Domain Controllers","True","MATHIASMOTRON\krbtgt","MATHIASMOTRON\krbtgt","Allow","GenericRead","False","False","True"
"mathiasmotron.com","CN=Domain Controllers,CN=Users,DC=mathiasmotron,DC=com","Group","Domain Controllers","True","NT AUTHORITY\Authenticated Users","NT AUTHORITY\Authenticated Users","Allow","ReadProperty","False","True","False"
"mathiasmotron.com","CN=Domain Controllers,CN=Users,DC=mathiasmotron,DC=com","Group","Domain Controllers","True","NT AUTHORITY\Authenticated Users","NT AUTHORITY\Authenticated Users","Allow","GenericRead","False","True","False"
"mathiasmotron.com","CN=Domain Controllers,CN=Users,DC=mathiasmotron,DC=com","Group","Domain Controllers","True","NT AUTHORITY\NETWORK SERVICE","NT AUTHORITY\NETWORK SERVICE","Allow","ReadProperty","False","True","False"
"mathiasmotron.com","CN=Domain Controllers,CN=Users,DC=mathiasmotron,DC=com","Group","Domain Controllers","True","NT AUTHORITY\SELF","NT AUTHORITY\SELF","Allow","ReadProperty, WriteProperty, ExtendedRight","False","True","False"
"mathiasmotron.com","CN=Domain Controllers,CN=Users,DC=mathiasmotron,DC=com","Group","Domain Controllers","True","NT AUTHORITY\SELF","NT AUTHORITY\SELF","Allow","ExtendedRight","False","True","False"
"mathiasmotron.com","CN=Domain Controllers,CN=Users,DC=mathiasmotron,DC=com","Group","Domain Controllers","True","NT AUTHORITY\SYSTEM","NT AUTHORITY\SYSTEM","Allow","GenericAll","False","True","False"
"mathiasmotron.com","CN=Domain Controllers,CN=Users,DC=mathiasmotron,DC=com","Group","Domain Controllers","True","S-1-5-32-554","S-1-5-32-554","Allow","GenericRead","False","False","True"
"mathiasmotron.com","CN=Domain Controllers,CN=Users,DC=mathiasmotron,DC=com","Group","Domain Controllers","True","S-1-5-32-560","S-1-5-32-560","Allow","ReadProperty","False","False","True"
"mathiasmotron.com","CN=Domain Controllers,CN=Users,DC=mathiasmotron,DC=com","Group","Domain Controllers","True","S-1-5-32-561","S-1-5-32-561","Allow","ReadProperty, WriteProperty","False","False","True"
"mathiasmotron.com","CN=Domain Controllers,CN=Users,DC=mathiasmotron,DC=com","Group","Domain Controllers","True","S-1-5-32-561","S-1-5-32-561","Allow","ReadProperty, WriteProperty","False","False","True"
"mathiasmotron.com","CN=Enterprise Admins,CN=Users,DC=mathiasmotron,DC=com","Group","Enterprise Admins","True","BUILTIN\Administrators","BUILTIN\Administrators","Allow","CreateChild, DeleteChild, Self, WriteProperty, ExtendedRight, Delete, GenericRead, WriteDacl, WriteOwner","False","True","False"
"mathiasmotron.com","CN=Enterprise Admins,CN=Users,DC=mathiasmotron,DC=com","Group","Enterprise Admins","True","Everyone","Everyone","Allow","ExtendedRight","False","True","False"
"mathiasmotron.com","CN=Enterprise Admins,CN=Users,DC=mathiasmotron,DC=com","Group","Enterprise Admins","True","MATHIASMOTRON\Cert Publishers","MATHIASMOTRON\Cert Publishers","Allow","ReadProperty, WriteProperty","False","True","False"
"mathiasmotron.com","CN=Enterprise Admins,CN=Users,DC=mathiasmotron,DC=com","Group","Enterprise Admins","True","MATHIASMOTRON\Domain Admins","MATHIASMOTRON\Domain Admins","Allow","CreateChild, DeleteChild, Self, WriteProperty, ExtendedRight, GenericRead, WriteDacl, WriteOwner","False","True","False"
"mathiasmotron.com","CN=Enterprise Admins,CN=Users,DC=mathiasmotron,DC=com","Group","Enterprise Admins","True","MATHIASMOTRON\Enterprise Admins","MATHIASMOTRON\Enterprise Admins","Allow","CreateChild, DeleteChild, Self, WriteProperty, ExtendedRight, GenericRead, WriteDacl, WriteOwner","False","True","False"
"mathiasmotron.com","CN=Enterprise Admins,CN=Users,DC=mathiasmotron,DC=com","Group","Enterprise Admins","True","MATHIASMOTRON\krbtgt","MATHIASMOTRON\krbtgt","Allow","GenericRead","False","False","True"
"mathiasmotron.com","CN=Enterprise Admins,CN=Users,DC=mathiasmotron,DC=com","Group","Enterprise Admins","True","NT AUTHORITY\Authenticated Users","NT AUTHORITY\Authenticated Users","Allow","ReadProperty","False","True","False"
"mathiasmotron.com","CN=Enterprise Admins,CN=Users,DC=mathiasmotron,DC=com","Group","Enterprise Admins","True","NT AUTHORITY\Authenticated Users","NT AUTHORITY\Authenticated Users","Allow","GenericRead","False","True","False"
"mathiasmotron.com","CN=Enterprise Admins,CN=Users,DC=mathiasmotron,DC=com","Group","Enterprise Admins","True","NT AUTHORITY\NETWORK SERVICE","NT AUTHORITY\NETWORK SERVICE","Allow","ReadProperty","False","True","False"
"mathiasmotron.com","CN=Enterprise Admins,CN=Users,DC=mathiasmotron,DC=com","Group","Enterprise Admins","True","NT AUTHORITY\SELF","NT AUTHORITY\SELF","Allow","ReadProperty, WriteProperty, ExtendedRight","False","True","False"
"mathiasmotron.com","CN=Enterprise Admins,CN=Users,DC=mathiasmotron,DC=com","Group","Enterprise Admins","True","NT AUTHORITY\SELF","NT AUTHORITY\SELF","Allow","ExtendedRight","False","True","False"
"mathiasmotron.com","CN=Enterprise Admins,CN=Users,DC=mathiasmotron,DC=com","Group","Enterprise Admins","True","NT AUTHORITY\SYSTEM","NT AUTHORITY\SYSTEM","Allow","GenericAll","False","True","False"
"mathiasmotron.com","CN=Enterprise Admins,CN=Users,DC=mathiasmotron,DC=com","Group","Enterprise Admins","True","S-1-5-32-554","S-1-5-32-554","Allow","GenericRead","False","False","True"
"mathiasmotron.com","CN=Enterprise Admins,CN=Users,DC=mathiasmotron,DC=com","Group","Enterprise Admins","True","S-1-5-32-560","S-1-5-32-560","Allow","ReadProperty","False","False","True"
"mathiasmotron.com","CN=Enterprise Admins,CN=Users,DC=mathiasmotron,DC=com","Group","Enterprise Admins","True","S-1-5-32-561","S-1-5-32-561","Allow","ReadProperty, WriteProperty","False","False","True"
"mathiasmotron.com","CN=Enterprise Admins,CN=Users,DC=mathiasmotron,DC=com","Group","Enterprise Admins","True","S-1-5-32-561","S-1-5-32-561","Allow","ReadProperty, WriteProperty","False","False","True"
"mathiasmotron.com","CN=Enterprise Key Admins,CN=Users,DC=mathiasmotron,DC=com","Group","Enterprise Key Admins","True","BUILTIN\Administrators","BUILTIN\Administrators","Allow","CreateChild, DeleteChild, Self, WriteProperty, ExtendedRight, Delete, GenericRead, WriteDacl, WriteOwner","False","True","False"
"mathiasmotron.com","CN=Enterprise Key Admins,CN=Users,DC=mathiasmotron,DC=com","Group","Enterprise Key Admins","True","Everyone","Everyone","Allow","ExtendedRight","False","True","False"
"mathiasmotron.com","CN=Enterprise Key Admins,CN=Users,DC=mathiasmotron,DC=com","Group","Enterprise Key Admins","True","MATHIASMOTRON\Cert Publishers","MATHIASMOTRON\Cert Publishers","Allow","ReadProperty, WriteProperty","False","True","False"
"mathiasmotron.com","CN=Enterprise Key Admins,CN=Users,DC=mathiasmotron,DC=com","Group","Enterprise Key Admins","True","MATHIASMOTRON\Domain Admins","MATHIASMOTRON\Domain Admins","Allow","CreateChild, DeleteChild, Self, WriteProperty, ExtendedRight, GenericRead, WriteDacl, WriteOwner","False","True","False"
"mathiasmotron.com","CN=Enterprise Key Admins,CN=Users,DC=mathiasmotron,DC=com","Group","Enterprise Key Admins","True","MATHIASMOTRON\Enterprise Admins","MATHIASMOTRON\Enterprise Admins","Allow","CreateChild, DeleteChild, Self, WriteProperty, ExtendedRight, GenericRead, WriteDacl, WriteOwner","False","True","False"
"mathiasmotron.com","CN=Enterprise Key Admins,CN=Users,DC=mathiasmotron,DC=com","Group","Enterprise Key Admins","True","MATHIASMOTRON\krbtgt","MATHIASMOTRON\krbtgt","Allow","GenericRead","False","False","True"
"mathiasmotron.com","CN=Enterprise Key Admins,CN=Users,DC=mathiasmotron,DC=com","Group","Enterprise Key Admins","True","NT AUTHORITY\Authenticated Users","NT AUTHORITY\Authenticated Users","Allow","GenericRead","False","True","False"
"mathiasmotron.com","CN=Enterprise Key Admins,CN=Users,DC=mathiasmotron,DC=com","Group","Enterprise Key Admins","True","NT AUTHORITY\Authenticated Users","NT AUTHORITY\Authenticated Users","Allow","ReadProperty","False","True","False"
"mathiasmotron.com","CN=Enterprise Key Admins,CN=Users,DC=mathiasmotron,DC=com","Group","Enterprise Key Admins","True","NT AUTHORITY\NETWORK SERVICE","NT AUTHORITY\NETWORK SERVICE","Allow","ReadProperty","False","True","False"
"mathiasmotron.com","CN=Enterprise Key Admins,CN=Users,DC=mathiasmotron,DC=com","Group","Enterprise Key Admins","True","NT AUTHORITY\SELF","NT AUTHORITY\SELF","Allow","ExtendedRight","False","True","False"
"mathiasmotron.com","CN=Enterprise Key Admins,CN=Users,DC=mathiasmotron,DC=com","Group","Enterprise Key Admins","True","NT AUTHORITY\SELF","NT AUTHORITY\SELF","Allow","ReadProperty, WriteProperty, ExtendedRight","False","True","False"
"mathiasmotron.com","CN=Enterprise Key Admins,CN=Users,DC=mathiasmotron,DC=com","Group","Enterprise Key Admins","True","NT AUTHORITY\SYSTEM","NT AUTHORITY\SYSTEM","Allow","GenericAll","False","True","False"
"mathiasmotron.com","CN=Enterprise Key Admins,CN=Users,DC=mathiasmotron,DC=com","Group","Enterprise Key Admins","True","S-1-5-32-554","S-1-5-32-554","Allow","GenericRead","False","False","True"
"mathiasmotron.com","CN=Enterprise Key Admins,CN=Users,DC=mathiasmotron,DC=com","Group","Enterprise Key Admins","True","S-1-5-32-560","S-1-5-32-560","Allow","ReadProperty","False","False","True"
"mathiasmotron.com","CN=Enterprise Key Admins,CN=Users,DC=mathiasmotron,DC=com","Group","Enterprise Key Admins","True","S-1-5-32-561","S-1-5-32-561","Allow","ReadProperty, WriteProperty","False","False","True"
"mathiasmotron.com","CN=Enterprise Key Admins,CN=Users,DC=mathiasmotron,DC=com","Group","Enterprise Key Admins","True","S-1-5-32-561","S-1-5-32-561","Allow","ReadProperty, WriteProperty","False","False","True"
"mathiasmotron.com","CN=Key Admins,CN=Users,DC=mathiasmotron,DC=com","Group","Key Admins","True","BUILTIN\Administrators","BUILTIN\Administrators","Allow","CreateChild, DeleteChild, Self, WriteProperty, ExtendedRight, Delete, GenericRead, WriteDacl, WriteOwner","False","True","False"
"mathiasmotron.com","CN=Key Admins,CN=Users,DC=mathiasmotron,DC=com","Group","Key Admins","True","Everyone","Everyone","Allow","ExtendedRight","False","True","False"
"mathiasmotron.com","CN=Key Admins,CN=Users,DC=mathiasmotron,DC=com","Group","Key Admins","True","MATHIASMOTRON\Cert Publishers","MATHIASMOTRON\Cert Publishers","Allow","ReadProperty, WriteProperty","False","True","False"
"mathiasmotron.com","CN=Key Admins,CN=Users,DC=mathiasmotron,DC=com","Group","Key Admins","True","MATHIASMOTRON\Domain Admins","MATHIASMOTRON\Domain Admins","Allow","CreateChild, DeleteChild, Self, WriteProperty, ExtendedRight, GenericRead, WriteDacl, WriteOwner","False","True","False"
"mathiasmotron.com","CN=Key Admins,CN=Users,DC=mathiasmotron,DC=com","Group","Key Admins","True","MATHIASMOTRON\Enterprise Admins","MATHIASMOTRON\Enterprise Admins","Allow","CreateChild, DeleteChild, Self, WriteProperty, ExtendedRight, GenericRead, WriteDacl, WriteOwner","False","True","False"
"mathiasmotron.com","CN=Key Admins,CN=Users,DC=mathiasmotron,DC=com","Group","Key Admins","True","MATHIASMOTRON\krbtgt","MATHIASMOTRON\krbtgt","Allow","GenericRead","False","False","True"
"mathiasmotron.com","CN=Key Admins,CN=Users,DC=mathiasmotron,DC=com","Group","Key Admins","True","NT AUTHORITY\Authenticated Users","NT AUTHORITY\Authenticated Users","Allow","ReadProperty","False","True","False"
"mathiasmotron.com","CN=Key Admins,CN=Users,DC=mathiasmotron,DC=com","Group","Key Admins","True","NT AUTHORITY\Authenticated Users","NT AUTHORITY\Authenticated Users","Allow","GenericRead","False","True","False"
"mathiasmotron.com","CN=Key Admins,CN=Users,DC=mathiasmotron,DC=com","Group","Key Admins","True","NT AUTHORITY\NETWORK SERVICE","NT AUTHORITY\NETWORK SERVICE","Allow","ReadProperty","False","True","False"
"mathiasmotron.com","CN=Key Admins,CN=Users,DC=mathiasmotron,DC=com","Group","Key Admins","True","NT AUTHORITY\SELF","NT AUTHORITY\SELF","Allow","ReadProperty, WriteProperty, ExtendedRight","False","True","False"
"mathiasmotron.com","CN=Key Admins,CN=Users,DC=mathiasmotron,DC=com","Group","Key Admins","True","NT AUTHORITY\SELF","NT AUTHORITY\SELF","Allow","ExtendedRight","False","True","False"
"mathiasmotron.com","CN=Key Admins,CN=Users,DC=mathiasmotron,DC=com","Group","Key Admins","True","NT AUTHORITY\SYSTEM","NT AUTHORITY\SYSTEM","Allow","GenericAll","False","True","False"
"mathiasmotron.com","CN=Key Admins,CN=Users,DC=mathiasmotron,DC=com","Group","Key Admins","True","S-1-5-32-554","S-1-5-32-554","Allow","GenericRead","False","False","True"
"mathiasmotron.com","CN=Key Admins,CN=Users,DC=mathiasmotron,DC=com","Group","Key Admins","True","S-1-5-32-560","S-1-5-32-560","Allow","ReadProperty","False","False","True"
"mathiasmotron.com","CN=Key Admins,CN=Users,DC=mathiasmotron,DC=com","Group","Key Admins","True","S-1-5-32-561","S-1-5-32-561","Allow","ReadProperty, WriteProperty","False","False","True"
"mathiasmotron.com","CN=Key Admins,CN=Users,DC=mathiasmotron,DC=com","Group","Key Admins","True","S-1-5-32-561","S-1-5-32-561","Allow","ReadProperty, WriteProperty","False","False","True"
"mathiasmotron.com","CN=Print Operators,CN=Builtin,DC=mathiasmotron,DC=com","Group","Print Operators","True","BUILTIN\Administrators","BUILTIN\Administrators","Allow","CreateChild, DeleteChild, Self, WriteProperty, ExtendedRight, Delete, GenericRead, WriteDacl, WriteOwner","False","True","False"
"mathiasmotron.com","CN=Print Operators,CN=Builtin,DC=mathiasmotron,DC=com","Group","Print Operators","True","Everyone","Everyone","Allow","ExtendedRight","False","True","False"
"mathiasmotron.com","CN=Print Operators,CN=Builtin,DC=mathiasmotron,DC=com","Group","Print Operators","True","MATHIASMOTRON\Cert Publishers","MATHIASMOTRON\Cert Publishers","Allow","ReadProperty, WriteProperty","False","True","False"
"mathiasmotron.com","CN=Print Operators,CN=Builtin,DC=mathiasmotron,DC=com","Group","Print Operators","True","MATHIASMOTRON\Domain Admins","MATHIASMOTRON\Domain Admins","Allow","CreateChild, DeleteChild, Self, WriteProperty, ExtendedRight, GenericRead, WriteDacl, WriteOwner","False","True","False"
"mathiasmotron.com","CN=Print Operators,CN=Builtin,DC=mathiasmotron,DC=com","Group","Print Operators","True","MATHIASMOTRON\Enterprise Admins","MATHIASMOTRON\Enterprise Admins","Allow","CreateChild, DeleteChild, Self, WriteProperty, ExtendedRight, GenericRead, WriteDacl, WriteOwner","False","True","False"
"mathiasmotron.com","CN=Print Operators,CN=Builtin,DC=mathiasmotron,DC=com","Group","Print Operators","True","MATHIASMOTRON\krbtgt","MATHIASMOTRON\krbtgt","Allow","GenericRead","False","False","True"
"mathiasmotron.com","CN=Print Operators,CN=Builtin,DC=mathiasmotron,DC=com","Group","Print Operators","True","NT AUTHORITY\Authenticated Users","NT AUTHORITY\Authenticated Users","Allow","ReadProperty","False","True","False"
"mathiasmotron.com","CN=Print Operators,CN=Builtin,DC=mathiasmotron,DC=com","Group","Print Operators","True","NT AUTHORITY\Authenticated Users","NT AUTHORITY\Authenticated Users","Allow","GenericRead","False","True","False"
"mathiasmotron.com","CN=Print Operators,CN=Builtin,DC=mathiasmotron,DC=com","Group","Print Operators","True","NT AUTHORITY\NETWORK SERVICE","NT AUTHORITY\NETWORK SERVICE","Allow","ReadProperty","False","True","False"
"mathiasmotron.com","CN=Print Operators,CN=Builtin,DC=mathiasmotron,DC=com","Group","Print Operators","True","NT AUTHORITY\SELF","NT AUTHORITY\SELF","Allow","ReadProperty, WriteProperty, ExtendedRight","False","True","False"
"mathiasmotron.com","CN=Print Operators,CN=Builtin,DC=mathiasmotron,DC=com","Group","Print Operators","True","NT AUTHORITY\SELF","NT AUTHORITY\SELF","Allow","ExtendedRight","False","True","False"
"mathiasmotron.com","CN=Print Operators,CN=Builtin,DC=mathiasmotron,DC=com","Group","Print Operators","True","NT AUTHORITY\SYSTEM","NT AUTHORITY\SYSTEM","Allow","GenericAll","False","True","False"
"mathiasmotron.com","CN=Print Operators,CN=Builtin,DC=mathiasmotron,DC=com","Group","Print Operators","True","S-1-5-32-554","S-1-5-32-554","Allow","GenericRead","False","False","True"
"mathiasmotron.com","CN=Print Operators,CN=Builtin,DC=mathiasmotron,DC=com","Group","Print Operators","True","S-1-5-32-560","S-1-5-32-560","Allow","ReadProperty","False","False","True"
"mathiasmotron.com","CN=Print Operators,CN=Builtin,DC=mathiasmotron,DC=com","Group","Print Operators","True","S-1-5-32-561","S-1-5-32-561","Allow","ReadProperty, WriteProperty","False","False","True"
"mathiasmotron.com","CN=Print Operators,CN=Builtin,DC=mathiasmotron,DC=com","Group","Print Operators","True","S-1-5-32-561","S-1-5-32-561","Allow","ReadProperty, WriteProperty","False","False","True"
"mathiasmotron.com","CN=Read-only Domain Controllers,CN=Users,DC=mathiasmotron,DC=com","Group","Read-only Domain Controllers","True","BUILTIN\Administrators","BUILTIN\Administrators","Allow","CreateChild, DeleteChild, Self, WriteProperty, ExtendedRight, Delete, GenericRead, WriteDacl, WriteOwner","False","True","False"
"mathiasmotron.com","CN=Read-only Domain Controllers,CN=Users,DC=mathiasmotron,DC=com","Group","Read-only Domain Controllers","True","Everyone","Everyone","Allow","ExtendedRight","False","True","False"
"mathiasmotron.com","CN=Read-only Domain Controllers,CN=Users,DC=mathiasmotron,DC=com","Group","Read-only Domain Controllers","True","MATHIASMOTRON\Cert Publishers","MATHIASMOTRON\Cert Publishers","Allow","ReadProperty, WriteProperty","False","True","False"
"mathiasmotron.com","CN=Read-only Domain Controllers,CN=Users,DC=mathiasmotron,DC=com","Group","Read-only Domain Controllers","True","MATHIASMOTRON\Domain Admins","MATHIASMOTRON\Domain Admins","Allow","CreateChild, DeleteChild, Self, WriteProperty, ExtendedRight, GenericRead, WriteDacl, WriteOwner","False","True","False"
"mathiasmotron.com","CN=Read-only Domain Controllers,CN=Users,DC=mathiasmotron,DC=com","Group","Read-only Domain Controllers","True","MATHIASMOTRON\Enterprise Admins","MATHIASMOTRON\Enterprise Admins","Allow","CreateChild, DeleteChild, Self, WriteProperty, ExtendedRight, GenericRead, WriteDacl, WriteOwner","False","True","False"
"mathiasmotron.com","CN=Read-only Domain Controllers,CN=Users,DC=mathiasmotron,DC=com","Group","Read-only Domain Controllers","True","MATHIASMOTRON\krbtgt","MATHIASMOTRON\krbtgt","Allow","GenericRead","False","False","True"
"mathiasmotron.com","CN=Read-only Domain Controllers,CN=Users,DC=mathiasmotron,DC=com","Group","Read-only Domain Controllers","True","NT AUTHORITY\Authenticated Users","NT AUTHORITY\Authenticated Users","Allow","GenericRead","False","True","False"
"mathiasmotron.com","CN=Read-only Domain Controllers,CN=Users,DC=mathiasmotron,DC=com","Group","Read-only Domain Controllers","True","NT AUTHORITY\Authenticated Users","NT AUTHORITY\Authenticated Users","Allow","ReadProperty","False","True","False"
"mathiasmotron.com","CN=Read-only Domain Controllers,CN=Users,DC=mathiasmotron,DC=com","Group","Read-only Domain Controllers","True","NT AUTHORITY\NETWORK SERVICE","NT AUTHORITY\NETWORK SERVICE","Allow","ReadProperty","False","True","False"
"mathiasmotron.com","CN=Read-only Domain Controllers,CN=Users,DC=mathiasmotron,DC=com","Group","Read-only Domain Controllers","True","NT AUTHORITY\SELF","NT AUTHORITY\SELF","Allow","ReadProperty, WriteProperty, ExtendedRight","False","True","False"
"mathiasmotron.com","CN=Read-only Domain Controllers,CN=Users,DC=mathiasmotron,DC=com","Group","Read-only Domain Controllers","True","NT AUTHORITY\SELF","NT AUTHORITY\SELF","Allow","ExtendedRight","False","True","False"
"mathiasmotron.com","CN=Read-only Domain Controllers,CN=Users,DC=mathiasmotron,DC=com","Group","Read-only Domain Controllers","True","NT AUTHORITY\SYSTEM","NT AUTHORITY\SYSTEM","Allow","GenericAll","False","True","False"
"mathiasmotron.com","CN=Read-only Domain Controllers,CN=Users,DC=mathiasmotron,DC=com","Group","Read-only Domain Controllers","True","S-1-5-32-554","S-1-5-32-554","Allow","GenericRead","False","False","True"
"mathiasmotron.com","CN=Read-only Domain Controllers,CN=Users,DC=mathiasmotron,DC=com","Group","Read-only Domain Controllers","True","S-1-5-32-560","S-1-5-32-560","Allow","ReadProperty","False","False","True"
"mathiasmotron.com","CN=Read-only Domain Controllers,CN=Users,DC=mathiasmotron,DC=com","Group","Read-only Domain Controllers","True","S-1-5-32-561","S-1-5-32-561","Allow","ReadProperty, WriteProperty","False","False","True"
"mathiasmotron.com","CN=Read-only Domain Controllers,CN=Users,DC=mathiasmotron,DC=com","Group","Read-only Domain Controllers","True","S-1-5-32-561","S-1-5-32-561","Allow","ReadProperty, WriteProperty","False","False","True"
"mathiasmotron.com","CN=Replicator,CN=Builtin,DC=mathiasmotron,DC=com","Group","Replicator","True","BUILTIN\Administrators","BUILTIN\Administrators","Allow","CreateChild, DeleteChild, Self, WriteProperty, ExtendedRight, Delete, GenericRead, WriteDacl, WriteOwner","False","True","False"
"mathiasmotron.com","CN=Replicator,CN=Builtin,DC=mathiasmotron,DC=com","Group","Replicator","True","Everyone","Everyone","Allow","ExtendedRight","False","True","False"
"mathiasmotron.com","CN=Replicator,CN=Builtin,DC=mathiasmotron,DC=com","Group","Replicator","True","MATHIASMOTRON\Cert Publishers","MATHIASMOTRON\Cert Publishers","Allow","ReadProperty, WriteProperty","False","True","False"
"mathiasmotron.com","CN=Replicator,CN=Builtin,DC=mathiasmotron,DC=com","Group","Replicator","True","MATHIASMOTRON\Domain Admins","MATHIASMOTRON\Domain Admins","Allow","CreateChild, DeleteChild, Self, WriteProperty, ExtendedRight, GenericRead, WriteDacl, WriteOwner","False","True","False"
"mathiasmotron.com","CN=Replicator,CN=Builtin,DC=mathiasmotron,DC=com","Group","Replicator","True","MATHIASMOTRON\Enterprise Admins","MATHIASMOTRON\Enterprise Admins","Allow","CreateChild, DeleteChild, Self, WriteProperty, ExtendedRight, GenericRead, WriteDacl, WriteOwner","False","True","False"
"mathiasmotron.com","CN=Replicator,CN=Builtin,DC=mathiasmotron,DC=com","Group","Replicator","True","MATHIASMOTRON\krbtgt","MATHIASMOTRON\krbtgt","Allow","GenericRead","False","False","True"
"mathiasmotron.com","CN=Replicator,CN=Builtin,DC=mathiasmotron,DC=com","Group","Replicator","True","NT AUTHORITY\Authenticated Users","NT AUTHORITY\Authenticated Users","Allow","GenericRead","False","True","False"
"mathiasmotron.com","CN=Replicator,CN=Builtin,DC=mathiasmotron,DC=com","Group","Replicator","True","NT AUTHORITY\Authenticated Users","NT AUTHORITY\Authenticated Users","Allow","ReadProperty","False","True","False"
"mathiasmotron.com","CN=Replicator,CN=Builtin,DC=mathiasmotron,DC=com","Group","Replicator","True","NT AUTHORITY\NETWORK SERVICE","NT AUTHORITY\NETWORK SERVICE","Allow","ReadProperty","False","True","False"
"mathiasmotron.com","CN=Replicator,CN=Builtin,DC=mathiasmotron,DC=com","Group","Replicator","True","NT AUTHORITY\SELF","NT AUTHORITY\SELF","Allow","ReadProperty, WriteProperty, ExtendedRight","False","True","False"
"mathiasmotron.com","CN=Replicator,CN=Builtin,DC=mathiasmotron,DC=com","Group","Replicator","True","NT AUTHORITY\SELF","NT AUTHORITY\SELF","Allow","ExtendedRight","False","True","False"
"mathiasmotron.com","CN=Replicator,CN=Builtin,DC=mathiasmotron,DC=com","Group","Replicator","True","NT AUTHORITY\SYSTEM","NT AUTHORITY\SYSTEM","Allow","GenericAll","False","True","False"
"mathiasmotron.com","CN=Replicator,CN=Builtin,DC=mathiasmotron,DC=com","Group","Replicator","True","S-1-5-32-554","S-1-5-32-554","Allow","GenericRead","False","False","True"
"mathiasmotron.com","CN=Replicator,CN=Builtin,DC=mathiasmotron,DC=com","Group","Replicator","True","S-1-5-32-560","S-1-5-32-560","Allow","ReadProperty","False","False","True"
"mathiasmotron.com","CN=Replicator,CN=Builtin,DC=mathiasmotron,DC=com","Group","Replicator","True","S-1-5-32-561","S-1-5-32-561","Allow","ReadProperty, WriteProperty","False","False","True"
"mathiasmotron.com","CN=Replicator,CN=Builtin,DC=mathiasmotron,DC=com","Group","Replicator","True","S-1-5-32-561","S-1-5-32-561","Allow","ReadProperty, WriteProperty","False","False","True"
"mathiasmotron.com","CN=Schema Admins,CN=Users,DC=mathiasmotron,DC=com","Group","Schema Admins","True","BUILTIN\Administrators","BUILTIN\Administrators","Allow","CreateChild, DeleteChild, Self, WriteProperty, ExtendedRight, Delete, GenericRead, WriteDacl, WriteOwner","False","True","False"
"mathiasmotron.com","CN=Schema Admins,CN=Users,DC=mathiasmotron,DC=com","Group","Schema Admins","True","Everyone","Everyone","Allow","ExtendedRight","False","True","False"
"mathiasmotron.com","CN=Schema Admins,CN=Users,DC=mathiasmotron,DC=com","Group","Schema Admins","True","MATHIASMOTRON\Cert Publishers","MATHIASMOTRON\Cert Publishers","Allow","ReadProperty, WriteProperty","False","True","False"
"mathiasmotron.com","CN=Schema Admins,CN=Users,DC=mathiasmotron,DC=com","Group","Schema Admins","True","MATHIASMOTRON\Domain Admins","MATHIASMOTRON\Domain Admins","Allow","CreateChild, DeleteChild, Self, WriteProperty, ExtendedRight, GenericRead, WriteDacl, WriteOwner","False","True","False"
"mathiasmotron.com","CN=Schema Admins,CN=Users,DC=mathiasmotron,DC=com","Group","Schema Admins","True","MATHIASMOTRON\Enterprise Admins","MATHIASMOTRON\Enterprise Admins","Allow","CreateChild, DeleteChild, Self, WriteProperty, ExtendedRight, GenericRead, WriteDacl, WriteOwner","False","True","False"
"mathiasmotron.com","CN=Schema Admins,CN=Users,DC=mathiasmotron,DC=com","Group","Schema Admins","True","MATHIASMOTRON\krbtgt","MATHIASMOTRON\krbtgt","Allow","GenericRead","False","False","True"
"mathiasmotron.com","CN=Schema Admins,CN=Users,DC=mathiasmotron,DC=com","Group","Schema Admins","True","NT AUTHORITY\Authenticated Users","NT AUTHORITY\Authenticated Users","Allow","ReadProperty","False","True","False"
"mathiasmotron.com","CN=Schema Admins,CN=Users,DC=mathiasmotron,DC=com","Group","Schema Admins","True","NT AUTHORITY\Authenticated Users","NT AUTHORITY\Authenticated Users","Allow","GenericRead","False","True","False"
"mathiasmotron.com","CN=Schema Admins,CN=Users,DC=mathiasmotron,DC=com","Group","Schema Admins","True","NT AUTHORITY\NETWORK SERVICE","NT AUTHORITY\NETWORK SERVICE","Allow","ReadProperty","False","True","False"
"mathiasmotron.com","CN=Schema Admins,CN=Users,DC=mathiasmotron,DC=com","Group","Schema Admins","True","NT AUTHORITY\SELF","NT AUTHORITY\SELF","Allow","ReadProperty, WriteProperty, ExtendedRight","False","True","False"
"mathiasmotron.com","CN=Schema Admins,CN=Users,DC=mathiasmotron,DC=com","Group","Schema Admins","True","NT AUTHORITY\SELF","NT AUTHORITY\SELF","Allow","ExtendedRight","False","True","False"
"mathiasmotron.com","CN=Schema Admins,CN=Users,DC=mathiasmotron,DC=com","Group","Schema Admins","True","NT AUTHORITY\SYSTEM","NT AUTHORITY\SYSTEM","Allow","GenericAll","False","True","False"
"mathiasmotron.com","CN=Schema Admins,CN=Users,DC=mathiasmotron,DC=com","Group","Schema Admins","True","S-1-5-32-554","S-1-5-32-554","Allow","GenericRead","False","False","True"
"mathiasmotron.com","CN=Schema Admins,CN=Users,DC=mathiasmotron,DC=com","Group","Schema Admins","True","S-1-5-32-560","S-1-5-32-560","Allow","ReadProperty","False","False","True"
"mathiasmotron.com","CN=Schema Admins,CN=Users,DC=mathiasmotron,DC=com","Group","Schema Admins","True","S-1-5-32-561","S-1-5-32-561","Allow","ReadProperty, WriteProperty","False","False","True"
"mathiasmotron.com","CN=Schema Admins,CN=Users,DC=mathiasmotron,DC=com","Group","Schema Admins","True","S-1-5-32-561","S-1-5-32-561","Allow","ReadProperty, WriteProperty","False","False","True"
"mathiasmotron.com","CN=Server Operators,CN=Builtin,DC=mathiasmotron,DC=com","Group","Server Operators","True","BUILTIN\Administrators","BUILTIN\Administrators","Allow","CreateChild, DeleteChild, Self, WriteProperty, ExtendedRight, Delete, GenericRead, WriteDacl, WriteOwner","False","True","False"
"mathiasmotron.com","CN=Server Operators,CN=Builtin,DC=mathiasmotron,DC=com","Group","Server Operators","True","Everyone","Everyone","Allow","ExtendedRight","False","True","False"
"mathiasmotron.com","CN=Server Operators,CN=Builtin,DC=mathiasmotron,DC=com","Group","Server Operators","True","MATHIASMOTRON\Cert Publishers","MATHIASMOTRON\Cert Publishers","Allow","ReadProperty, WriteProperty","False","True","False"
"mathiasmotron.com","CN=Server Operators,CN=Builtin,DC=mathiasmotron,DC=com","Group","Server Operators","True","MATHIASMOTRON\Domain Admins","MATHIASMOTRON\Domain Admins","Allow","CreateChild, DeleteChild, Self, WriteProperty, ExtendedRight, GenericRead, WriteDacl, WriteOwner","False","True","False"
"mathiasmotron.com","CN=Server Operators,CN=Builtin,DC=mathiasmotron,DC=com","Group","Server Operators","True","MATHIASMOTRON\Enterprise Admins","MATHIASMOTRON\Enterprise Admins","Allow","CreateChild, DeleteChild, Self, WriteProperty, ExtendedRight, GenericRead, WriteDacl, WriteOwner","False","True","False"
"mathiasmotron.com","CN=Server Operators,CN=Builtin,DC=mathiasmotron,DC=com","Group","Server Operators","True","MATHIASMOTRON\krbtgt","MATHIASMOTRON\krbtgt","Allow","GenericRead","False","False","True"
"mathiasmotron.com","CN=Server Operators,CN=Builtin,DC=mathiasmotron,DC=com","Group","Server Operators","True","NT AUTHORITY\Authenticated Users","NT AUTHORITY\Authenticated Users","Allow","ReadProperty","False","True","False"
"mathiasmotron.com","CN=Server Operators,CN=Builtin,DC=mathiasmotron,DC=com","Group","Server Operators","True","NT AUTHORITY\Authenticated Users","NT AUTHORITY\Authenticated Users","Allow","GenericRead","False","True","False"
"mathiasmotron.com","CN=Server Operators,CN=Builtin,DC=mathiasmotron,DC=com","Group","Server Operators","True","NT AUTHORITY\NETWORK SERVICE","NT AUTHORITY\NETWORK SERVICE","Allow","ReadProperty","False","True","False"
"mathiasmotron.com","CN=Server Operators,CN=Builtin,DC=mathiasmotron,DC=com","Group","Server Operators","True","NT AUTHORITY\SELF","NT AUTHORITY\SELF","Allow","ExtendedRight","False","True","False"
"mathiasmotron.com","CN=Server Operators,CN=Builtin,DC=mathiasmotron,DC=com","Group","Server Operators","True","NT AUTHORITY\SELF","NT AUTHORITY\SELF","Allow","ReadProperty, WriteProperty, ExtendedRight","False","True","False"
"mathiasmotron.com","CN=Server Operators,CN=Builtin,DC=mathiasmotron,DC=com","Group","Server Operators","True","NT AUTHORITY\SYSTEM","NT AUTHORITY\SYSTEM","Allow","GenericAll","False","True","False"
"mathiasmotron.com","CN=Server Operators,CN=Builtin,DC=mathiasmotron,DC=com","Group","Server Operators","True","S-1-5-32-554","S-1-5-32-554","Allow","GenericRead","False","False","True"
"mathiasmotron.com","CN=Server Operators,CN=Builtin,DC=mathiasmotron,DC=com","Group","Server Operators","True","S-1-5-32-560","S-1-5-32-560","Allow","ReadProperty","False","False","True"
"mathiasmotron.com","CN=Server Operators,CN=Builtin,DC=mathiasmotron,DC=com","Group","Server Operators","True","S-1-5-32-561","S-1-5-32-561","Allow","ReadProperty, WriteProperty","False","False","True"
"mathiasmotron.com","CN=Server Operators,CN=Builtin,DC=mathiasmotron,DC=com","Group","Server Operators","True","S-1-5-32-561","S-1-5-32-561","Allow","ReadProperty, WriteProperty","False","False","True"
"mathiasmotron.com","CN=AuthNPS,OU=SPECIFIC USERS,OU=USERS,OU=PRD,DC=mathiasmotron,DC=com","User","AuthNPS","True","BUILTIN\Administrators","BUILTIN\Administrators","Allow","CreateChild, DeleteChild, Self, WriteProperty, ExtendedRight, Delete, GenericRead, WriteDacl, WriteOwner","False","True","False"
"mathiasmotron.com","CN=AuthNPS,OU=SPECIFIC USERS,OU=USERS,OU=PRD,DC=mathiasmotron,DC=com","User","AuthNPS","True","Everyone","Everyone","Allow","ExtendedRight","False","True","False"
"mathiasmotron.com","CN=AuthNPS,OU=SPECIFIC USERS,OU=USERS,OU=PRD,DC=mathiasmotron,DC=com","User","AuthNPS","True","MATHIASMOTRON\Cert Publishers","MATHIASMOTRON\Cert Publishers","Allow","ReadProperty, WriteProperty","False","True","False"
"mathiasmotron.com","CN=AuthNPS,OU=SPECIFIC USERS,OU=USERS,OU=PRD,DC=mathiasmotron,DC=com","User","AuthNPS","True","MATHIASMOTRON\Domain Admins","MATHIASMOTRON\Domain Admins","Allow","CreateChild, DeleteChild, Self, WriteProperty, ExtendedRight, GenericRead, WriteDacl, WriteOwner","False","True","False"
"mathiasmotron.com","CN=AuthNPS,OU=SPECIFIC USERS,OU=USERS,OU=PRD,DC=mathiasmotron,DC=com","User","AuthNPS","True","MATHIASMOTRON\Enterprise Admins","MATHIASMOTRON\Enterprise Admins","Allow","CreateChild, DeleteChild, Self, WriteProperty, ExtendedRight, GenericRead, WriteDacl, WriteOwner","False","True","False"
"mathiasmotron.com","CN=AuthNPS,OU=SPECIFIC USERS,OU=USERS,OU=PRD,DC=mathiasmotron,DC=com","User","AuthNPS","True","MATHIASMOTRON\krbtgt","MATHIASMOTRON\krbtgt","Allow","GenericRead","False","False","True"
"mathiasmotron.com","CN=AuthNPS,OU=SPECIFIC USERS,OU=USERS,OU=PRD,DC=mathiasmotron,DC=com","User","AuthNPS","True","NT AUTHORITY\Authenticated Users","NT AUTHORITY\Authenticated Users","Allow","GenericRead","False","True","False"
"mathiasmotron.com","CN=AuthNPS,OU=SPECIFIC USERS,OU=USERS,OU=PRD,DC=mathiasmotron,DC=com","User","AuthNPS","True","NT AUTHORITY\Authenticated Users","NT AUTHORITY\Authenticated Users","Allow","ReadProperty","False","True","False"
"mathiasmotron.com","CN=AuthNPS,OU=SPECIFIC USERS,OU=USERS,OU=PRD,DC=mathiasmotron,DC=com","User","AuthNPS","True","NT AUTHORITY\NETWORK SERVICE","NT AUTHORITY\NETWORK SERVICE","Allow","ReadProperty","False","True","False"
"mathiasmotron.com","CN=AuthNPS,OU=SPECIFIC USERS,OU=USERS,OU=PRD,DC=mathiasmotron,DC=com","User","AuthNPS","True","NT AUTHORITY\SELF","NT AUTHORITY\SELF","Allow","ExtendedRight","False","True","False"
"mathiasmotron.com","CN=AuthNPS,OU=SPECIFIC USERS,OU=USERS,OU=PRD,DC=mathiasmotron,DC=com","User","AuthNPS","True","NT AUTHORITY\SELF","NT AUTHORITY\SELF","Allow","ReadProperty, WriteProperty, ExtendedRight","False","True","False"
"mathiasmotron.com","CN=AuthNPS,OU=SPECIFIC USERS,OU=USERS,OU=PRD,DC=mathiasmotron,DC=com","User","AuthNPS","True","NT AUTHORITY\SYSTEM","NT AUTHORITY\SYSTEM","Allow","GenericAll","False","True","False"
"mathiasmotron.com","CN=AuthNPS,OU=SPECIFIC USERS,OU=USERS,OU=PRD,DC=mathiasmotron,DC=com","User","AuthNPS","True","S-1-5-32-554","S-1-5-32-554","Allow","GenericRead","False","False","True"
"mathiasmotron.com","CN=AuthNPS,OU=SPECIFIC USERS,OU=USERS,OU=PRD,DC=mathiasmotron,DC=com","User","AuthNPS","True","S-1-5-32-560","S-1-5-32-560","Allow","ReadProperty","False","False","True"
"mathiasmotron.com","CN=AuthNPS,OU=SPECIFIC USERS,OU=USERS,OU=PRD,DC=mathiasmotron,DC=com","User","AuthNPS","True","S-1-5-32-561","S-1-5-32-561","Allow","ReadProperty, WriteProperty","False","False","True"
"mathiasmotron.com","CN=AuthNPS,OU=SPECIFIC USERS,OU=USERS,OU=PRD,DC=mathiasmotron,DC=com","User","AuthNPS","True","S-1-5-32-561","S-1-5-32-561","Allow","ReadProperty, WriteProperty","False","False","True"
"mathiasmotron.com","CN=AuthNPS2,OU=SPECIFIC USERS,OU=USERS,OU=PRD,DC=mathiasmotron,DC=com","User","AuthNPS2","True","BUILTIN\Administrators","BUILTIN\Administrators","Allow","CreateChild, Self, WriteProperty, ExtendedRight, Delete, GenericRead, WriteDacl, WriteOwner","True","True","False"
"mathiasmotron.com","CN=AuthNPS2,OU=SPECIFIC USERS,OU=USERS,OU=PRD,DC=mathiasmotron,DC=com","User","AuthNPS2","True","BUILTIN\Administrators","BUILTIN\Administrators","Allow","CreateChild, DeleteChild, Self, WriteProperty, ExtendedRight, Delete, GenericRead, WriteDacl, WriteOwner","False","True","False"
"mathiasmotron.com","CN=AuthNPS2,OU=SPECIFIC USERS,OU=USERS,OU=PRD,DC=mathiasmotron,DC=com","User","AuthNPS2","True","CREATOR OWNER","CREATOR OWNER","Allow","Self","True","False","True"
"mathiasmotron.com","CN=AuthNPS2,OU=SPECIFIC USERS,OU=USERS,OU=PRD,DC=mathiasmotron,DC=com","User","AuthNPS2","True","Everyone","Everyone","Allow","ExtendedRight","False","True","False"
"mathiasmotron.com","CN=AuthNPS2,OU=SPECIFIC USERS,OU=USERS,OU=PRD,DC=mathiasmotron,DC=com","User","AuthNPS2","True","MATHIASMOTRON\Admin_AD_Full_Admins","MATHIASMOTRON\Admin_AD_Full_Admins","Allow","WriteProperty","True","False","True"
"mathiasmotron.com","CN=AuthNPS2,OU=SPECIFIC USERS,OU=USERS,OU=PRD,DC=mathiasmotron,DC=com","User","AuthNPS2","True","MATHIASMOTRON\Cert Publishers","MATHIASMOTRON\Cert Publishers","Allow","ReadProperty, WriteProperty","False","True","False"
"mathiasmotron.com","CN=AuthNPS2,OU=SPECIFIC USERS,OU=USERS,OU=PRD,DC=mathiasmotron,DC=com","User","AuthNPS2","True","MATHIASMOTRON\Domain Admins","MATHIASMOTRON\Domain Admins","Allow","CreateChild, DeleteChild, Self, WriteProperty, ExtendedRight, GenericRead, WriteDacl, WriteOwner","False","True","False"
"mathiasmotron.com","CN=AuthNPS2,OU=SPECIFIC USERS,OU=USERS,OU=PRD,DC=mathiasmotron,DC=com","User","AuthNPS2","True","MATHIASMOTRON\Enterprise Admins","MATHIASMOTRON\Enterprise Admins","Allow","CreateChild, DeleteChild, Self, WriteProperty, ExtendedRight, GenericRead, WriteDacl, WriteOwner","False","True","False"
"mathiasmotron.com","CN=AuthNPS2,OU=SPECIFIC USERS,OU=USERS,OU=PRD,DC=mathiasmotron,DC=com","User","AuthNPS2","True","MATHIASMOTRON\Enterprise Admins","MATHIASMOTRON\Enterprise Admins","Allow","GenericAll","True","True","False"
"mathiasmotron.com","CN=AuthNPS2,OU=SPECIFIC USERS,OU=USERS,OU=PRD,DC=mathiasmotron,DC=com","User","AuthNPS2","True","MATHIASMOTRON\Enterprise Key Admins","MATHIASMOTRON\Enterprise Key Admins","Allow","ReadProperty, WriteProperty","True","False","True"
"mathiasmotron.com","CN=AuthNPS2,OU=SPECIFIC USERS,OU=USERS,OU=PRD,DC=mathiasmotron,DC=com","User","AuthNPS2","True","MATHIASMOTRON\krbtgt","MATHIASMOTRON\krbtgt","Allow","GenericRead","False","False","True"
"mathiasmotron.com","CN=AuthNPS2,OU=SPECIFIC USERS,OU=USERS,OU=PRD,DC=mathiasmotron,DC=com","User","AuthNPS2","True","MATHIASMOTRON\svc.aadc.maad","MATHIASMOTRON\svc.aadc.maad","Allow","ReadProperty, WriteProperty","True","False","True"
"mathiasmotron.com","CN=AuthNPS2,OU=SPECIFIC USERS,OU=USERS,OU=PRD,DC=mathiasmotron,DC=com","User","AuthNPS2","True","MATHIASMOTRON\svc.aadc.maad","MATHIASMOTRON\svc.aadc.maad","Allow","ReadProperty, WriteProperty","True","False","True"
"mathiasmotron.com","CN=AuthNPS2,OU=SPECIFIC USERS,OU=USERS,OU=PRD,DC=mathiasmotron,DC=com","User","AuthNPS2","True","MATHIASMOTRON\svc.aadc.maad","MATHIASMOTRON\svc.aadc.maad","Allow","ReadProperty, WriteProperty","True","False","True"
"mathiasmotron.com","CN=AuthNPS2,OU=SPECIFIC USERS,OU=USERS,OU=PRD,DC=mathiasmotron,DC=com","User","AuthNPS2","True","MATHIASMOTRON\svc.aadc.maad","MATHIASMOTRON\svc.aadc.maad","Allow","ReadProperty, WriteProperty","True","False","True"
"mathiasmotron.com","CN=AuthNPS2,OU=SPECIFIC USERS,OU=USERS,OU=PRD,DC=mathiasmotron,DC=com","User","AuthNPS2","True","MATHIASMOTRON\svc.aadc.maad","MATHIASMOTRON\svc.aadc.maad","Allow","GenericAll","True","False","True"
"mathiasmotron.com","CN=AuthNPS2,OU=SPECIFIC USERS,OU=USERS,OU=PRD,DC=mathiasmotron,DC=com","User","AuthNPS2","True","MATHIASMOTRON\svc.aadc.maad","MATHIASMOTRON\svc.aadc.maad","Allow","ExtendedRight","True","False","True"
"mathiasmotron.com","CN=AuthNPS2,OU=SPECIFIC USERS,OU=USERS,OU=PRD,DC=mathiasmotron,DC=com","User","AuthNPS2","True","MATHIASMOTRON\svc.mim.maad","MATHIASMOTRON\svc.mim.maad","Allow","ExtendedRight","True","False","True"
"mathiasmotron.com","CN=AuthNPS2,OU=SPECIFIC USERS,OU=USERS,OU=PRD,DC=mathiasmotron,DC=com","User","AuthNPS2","True","MATHIASMOTRON\svc.mim.maad","MATHIASMOTRON\svc.mim.maad","Allow","ReadProperty","True","False","True"
"mathiasmotron.com","CN=AuthNPS2,OU=SPECIFIC USERS,OU=USERS,OU=PRD,DC=mathiasmotron,DC=com","User","AuthNPS2","True","MATHIASMOTRON\svc.mim.maad","MATHIASMOTRON\svc.mim.maad","Allow","ExtendedRight","True","False","True"
"mathiasmotron.com","CN=AuthNPS2,OU=SPECIFIC USERS,OU=USERS,OU=PRD,DC=mathiasmotron,DC=com","User","AuthNPS2","True","MATHIASMOTRON\svc.mim.maad","MATHIASMOTRON\svc.mim.maad","Allow","ReadProperty, WriteProperty","True","False","True"
"mathiasmotron.com","CN=AuthNPS2,OU=SPECIFIC USERS,OU=USERS,OU=PRD,DC=mathiasmotron,DC=com","User","AuthNPS2","True","MATHIASMOTRON\svc.mim.maad","MATHIASMOTRON\svc.mim.maad","Allow","ReadProperty, WriteProperty","True","False","True"
"mathiasmotron.com","CN=AuthNPS2,OU=SPECIFIC USERS,OU=USERS,OU=PRD,DC=mathiasmotron,DC=com","User","AuthNPS2","True","MATHIASMOTRON\svc.mim.maad","MATHIASMOTRON\svc.mim.maad","Allow","WriteProperty","True","False","True"
"mathiasmotron.com","CN=AuthNPS2,OU=SPECIFIC USERS,OU=USERS,OU=PRD,DC=mathiasmotron,DC=com","User","AuthNPS2","True","MATHIASMOTRON\SVC_CloudSync$","MATHIASMOTRON\SVC_CloudSync$","Allow","WriteProperty","True","False","True"
"mathiasmotron.com","CN=AuthNPS2,OU=SPECIFIC USERS,OU=USERS,OU=PRD,DC=mathiasmotron,DC=com","User","AuthNPS2","True","MATHIASMOTRON\SVC_CloudSync$","MATHIASMOTRON\SVC_CloudSync$","Allow","ReadProperty, WriteProperty","True","False","True"
"mathiasmotron.com","CN=AuthNPS2,OU=SPECIFIC USERS,OU=USERS,OU=PRD,DC=mathiasmotron,DC=com","User","AuthNPS2","True","MATHIASMOTRON\SVC_CloudSync$","MATHIASMOTRON\SVC_CloudSync$","Allow","ReadProperty, WriteProperty","True","False","True"
"mathiasmotron.com","CN=AuthNPS2,OU=SPECIFIC USERS,OU=USERS,OU=PRD,DC=mathiasmotron,DC=com","User","AuthNPS2","True","MATHIASMOTRON\SVC_CloudSync$","MATHIASMOTRON\SVC_CloudSync$","Allow","ReadProperty, WriteProperty","True","False","True"
"mathiasmotron.com","CN=AuthNPS2,OU=SPECIFIC USERS,OU=USERS,OU=PRD,DC=mathiasmotron,DC=com","User","AuthNPS2","True","MATHIASMOTRON\SVC_CloudSync$","MATHIASMOTRON\SVC_CloudSync$","Allow","ReadProperty, WriteProperty","True","False","True"
"mathiasmotron.com","CN=AuthNPS2,OU=SPECIFIC USERS,OU=USERS,OU=PRD,DC=mathiasmotron,DC=com","User","AuthNPS2","True","MATHIASMOTRON\SVC_CloudSync$","MATHIASMOTRON\SVC_CloudSync$","Allow","CreateChild, DeleteChild, GenericWrite","True","False","True"
"mathiasmotron.com","CN=AuthNPS2,OU=SPECIFIC USERS,OU=USERS,OU=PRD,DC=mathiasmotron,DC=com","User","AuthNPS2","True","MATHIASMOTRON\SVC_CloudSync$","MATHIASMOTRON\SVC_CloudSync$","Allow","ReadProperty","True","False","True"
"mathiasmotron.com","CN=AuthNPS2,OU=SPECIFIC USERS,OU=USERS,OU=PRD,DC=mathiasmotron,DC=com","User","AuthNPS2","True","MATHIASMOTRON\SVC_CloudSync$","MATHIASMOTRON\SVC_CloudSync$","Allow","ExtendedRight","True","False","True"
"mathiasmotron.com","CN=AuthNPS2,OU=SPECIFIC USERS,OU=USERS,OU=PRD,DC=mathiasmotron,DC=com","User","AuthNPS2","True","MATHIASMOTRON\SVC_MDIACTION$","MATHIASMOTRON\SVC_MDIACTION$","Allow","WriteProperty","True","False","True"
"mathiasmotron.com","CN=AuthNPS2,OU=SPECIFIC USERS,OU=USERS,OU=PRD,DC=mathiasmotron,DC=com","User","AuthNPS2","True","MATHIASMOTRON\SVC_MDIACTION$","MATHIASMOTRON\SVC_MDIACTION$","Allow","ExtendedRight","True","False","True"
"mathiasmotron.com","CN=AuthNPS2,OU=SPECIFIC USERS,OU=USERS,OU=PRD,DC=mathiasmotron,DC=com","User","AuthNPS2","True","MATHIASMOTRON\SVC_MDIACTION$","MATHIASMOTRON\SVC_MDIACTION$","Allow","WriteProperty","True","False","True"
"mathiasmotron.com","CN=AuthNPS2,OU=SPECIFIC USERS,OU=USERS,OU=PRD,DC=mathiasmotron,DC=com","User","AuthNPS2","True","MATHIASMOTRON\SVC_MDIACTION$","MATHIASMOTRON\SVC_MDIACTION$","Allow","ReadProperty, GenericExecute","True","False","True"
"mathiasmotron.com","CN=AuthNPS2,OU=SPECIFIC USERS,OU=USERS,OU=PRD,DC=mathiasmotron,DC=com","User","AuthNPS2","True","NT AUTHORITY\Authenticated Users","NT AUTHORITY\Authenticated Users","Allow","ReadProperty","True","True","False"
"mathiasmotron.com","CN=AuthNPS2,OU=SPECIFIC USERS,OU=USERS,OU=PRD,DC=mathiasmotron,DC=com","User","AuthNPS2","True","NT AUTHORITY\Authenticated Users","NT AUTHORITY\Authenticated Users","Allow","ReadProperty","False","True","False"
"mathiasmotron.com","CN=AuthNPS2,OU=SPECIFIC USERS,OU=USERS,OU=PRD,DC=mathiasmotron,DC=com","User","AuthNPS2","True","NT AUTHORITY\Authenticated Users","NT AUTHORITY\Authenticated Users","Allow","GenericRead","False","True","False"
"mathiasmotron.com","CN=AuthNPS2,OU=SPECIFIC USERS,OU=USERS,OU=PRD,DC=mathiasmotron,DC=com","User","AuthNPS2","True","NT AUTHORITY\ENTERPRISE DOMAIN CONTROLLERS","NT AUTHORITY\ENTERPRISE DOMAIN CONTROLLERS","Allow","ReadProperty","True","True","False"
"mathiasmotron.com","CN=AuthNPS2,OU=SPECIFIC USERS,OU=USERS,OU=PRD,DC=mathiasmotron,DC=com","User","AuthNPS2","True","NT AUTHORITY\ENTERPRISE DOMAIN CONTROLLERS","NT AUTHORITY\ENTERPRISE DOMAIN CONTROLLERS","Allow","ReadProperty","True","True","False"
"mathiasmotron.com","CN=AuthNPS2,OU=SPECIFIC USERS,OU=USERS,OU=PRD,DC=mathiasmotron,DC=com","User","AuthNPS2","True","NT AUTHORITY\ENTERPRISE DOMAIN CONTROLLERS","NT AUTHORITY\ENTERPRISE DOMAIN CONTROLLERS","Allow","ReadProperty","True","True","False"
"mathiasmotron.com","CN=AuthNPS2,OU=SPECIFIC USERS,OU=USERS,OU=PRD,DC=mathiasmotron,DC=com","User","AuthNPS2","True","NT AUTHORITY\NETWORK SERVICE","NT AUTHORITY\NETWORK SERVICE","Allow","ReadProperty","True","True","False"
"mathiasmotron.com","CN=AuthNPS2,OU=SPECIFIC USERS,OU=USERS,OU=PRD,DC=mathiasmotron,DC=com","User","AuthNPS2","True","NT AUTHORITY\NETWORK SERVICE","NT AUTHORITY\NETWORK SERVICE","Allow","ReadProperty","False","True","False"
"mathiasmotron.com","CN=AuthNPS2,OU=SPECIFIC USERS,OU=USERS,OU=PRD,DC=mathiasmotron,DC=com","User","AuthNPS2","True","NT AUTHORITY\SELF","NT AUTHORITY\SELF","Allow","ReadProperty, WriteProperty, ExtendedRight","False","True","False"
"mathiasmotron.com","CN=AuthNPS2,OU=SPECIFIC USERS,OU=USERS,OU=PRD,DC=mathiasmotron,DC=com","User","AuthNPS2","True","NT AUTHORITY\SELF","NT AUTHORITY\SELF","Allow","ExtendedRight","False","True","False"
"mathiasmotron.com","CN=AuthNPS2,OU=SPECIFIC USERS,OU=USERS,OU=PRD,DC=mathiasmotron,DC=com","User","AuthNPS2","True","NT AUTHORITY\SELF","NT AUTHORITY\SELF","Allow","Self","True","True","False"
"mathiasmotron.com","CN=AuthNPS2,OU=SPECIFIC USERS,OU=USERS,OU=PRD,DC=mathiasmotron,DC=com","User","AuthNPS2","True","NT AUTHORITY\SELF","NT AUTHORITY\SELF","Allow","ReadProperty, WriteProperty","True","True","False"
"mathiasmotron.com","CN=AuthNPS2,OU=SPECIFIC USERS,OU=USERS,OU=PRD,DC=mathiasmotron,DC=com","User","AuthNPS2","True","NT AUTHORITY\SELF","NT AUTHORITY\SELF","Allow","ReadProperty, WriteProperty","True","True","False"
"mathiasmotron.com","CN=AuthNPS2,OU=SPECIFIC USERS,OU=USERS,OU=PRD,DC=mathiasmotron,DC=com","User","AuthNPS2","True","NT AUTHORITY\SELF","NT AUTHORITY\SELF","Allow","ReadProperty, WriteProperty, ExtendedRight","True","True","False"
"mathiasmotron.com","CN=AuthNPS2,OU=SPECIFIC USERS,OU=USERS,OU=PRD,DC=mathiasmotron,DC=com","User","AuthNPS2","True","NT AUTHORITY\SELF","NT AUTHORITY\SELF","Allow","WriteProperty","True","True","False"
"mathiasmotron.com","CN=AuthNPS2,OU=SPECIFIC USERS,OU=USERS,OU=PRD,DC=mathiasmotron,DC=com","User","AuthNPS2","True","NT AUTHORITY\SELF","NT AUTHORITY\SELF","Allow","WriteProperty","True","True","False"
"mathiasmotron.com","CN=AuthNPS2,OU=SPECIFIC USERS,OU=USERS,OU=PRD,DC=mathiasmotron,DC=com","User","AuthNPS2","True","NT AUTHORITY\SELF","NT AUTHORITY\SELF","Allow","WriteProperty","True","True","False"
"mathiasmotron.com","CN=AuthNPS2,OU=SPECIFIC USERS,OU=USERS,OU=PRD,DC=mathiasmotron,DC=com","User","AuthNPS2","True","NT AUTHORITY\SELF","NT AUTHORITY\SELF","Allow","WriteProperty","True","True","False"
"mathiasmotron.com","CN=AuthNPS2,OU=SPECIFIC USERS,OU=USERS,OU=PRD,DC=mathiasmotron,DC=com","User","AuthNPS2","True","NT AUTHORITY\SELF","NT AUTHORITY\SELF","Allow","ReadProperty, WriteProperty","True","True","False"
"mathiasmotron.com","CN=AuthNPS2,OU=SPECIFIC USERS,OU=USERS,OU=PRD,DC=mathiasmotron,DC=com","User","AuthNPS2","True","NT AUTHORITY\SELF","NT AUTHORITY\SELF","Allow","ReadProperty, WriteProperty, ExtendedRight","True","True","False"
"mathiasmotron.com","CN=AuthNPS2,OU=SPECIFIC USERS,OU=USERS,OU=PRD,DC=mathiasmotron,DC=com","User","AuthNPS2","True","NT AUTHORITY\SYSTEM","NT AUTHORITY\SYSTEM","Allow","GenericAll","False","True","False"
"mathiasmotron.com","CN=AuthNPS2,OU=SPECIFIC USERS,OU=USERS,OU=PRD,DC=mathiasmotron,DC=com","User","AuthNPS2","True","RED\svc.mimmonitor","RED\svc.mimmonitor","Allow","ReadProperty","True","False","True"
"mathiasmotron.com","CN=AuthNPS2,OU=SPECIFIC USERS,OU=USERS,OU=PRD,DC=mathiasmotron,DC=com","User","AuthNPS2","True","S-1-5-32-554","S-1-5-32-554","Allow","GenericRead","True","False","True"
"mathiasmotron.com","CN=AuthNPS2,OU=SPECIFIC USERS,OU=USERS,OU=PRD,DC=mathiasmotron,DC=com","User","AuthNPS2","True","S-1-5-32-554","S-1-5-32-554","Allow","GenericRead","True","False","True"
"mathiasmotron.com","CN=AuthNPS2,OU=SPECIFIC USERS,OU=USERS,OU=PRD,DC=mathiasmotron,DC=com","User","AuthNPS2","True","S-1-5-32-554","S-1-5-32-554","Allow","ListChildren","True","False","True"
"mathiasmotron.com","CN=AuthNPS2,OU=SPECIFIC USERS,OU=USERS,OU=PRD,DC=mathiasmotron,DC=com","User","AuthNPS2","True","S-1-5-32-554","S-1-5-32-554","Allow","GenericRead","True","False","True"
"mathiasmotron.com","CN=AuthNPS2,OU=SPECIFIC USERS,OU=USERS,OU=PRD,DC=mathiasmotron,DC=com","User","AuthNPS2","True","S-1-5-32-554","S-1-5-32-554","Allow","GenericRead","False","False","True"
"mathiasmotron.com","CN=AuthNPS2,OU=SPECIFIC USERS,OU=USERS,OU=PRD,DC=mathiasmotron,DC=com","User","AuthNPS2","True","S-1-5-32-560","S-1-5-32-560","Allow","ReadProperty","False","False","True"
"mathiasmotron.com","CN=AuthNPS2,OU=SPECIFIC USERS,OU=USERS,OU=PRD,DC=mathiasmotron,DC=com","User","AuthNPS2","True","S-1-5-32-561","S-1-5-32-561","Allow","ReadProperty, WriteProperty","False","False","True"
"mathiasmotron.com","CN=AuthNPS2,OU=SPECIFIC USERS,OU=USERS,OU=PRD,DC=mathiasmotron,DC=com","User","AuthNPS2","True","S-1-5-32-561","S-1-5-32-561","Allow","ReadProperty, WriteProperty","False","False","True"
"mathiasmotron.com","CN=krbtgt,CN=Users,DC=mathiasmotron,DC=com","User","krbtgt","True","BUILTIN\Administrators","BUILTIN\Administrators","Allow","CreateChild, DeleteChild, Self, WriteProperty, ExtendedRight, Delete, GenericRead, WriteDacl, WriteOwner","False","True","False"
"mathiasmotron.com","CN=krbtgt,CN=Users,DC=mathiasmotron,DC=com","User","krbtgt","True","Everyone","Everyone","Allow","ExtendedRight","False","True","False"
"mathiasmotron.com","CN=krbtgt,CN=Users,DC=mathiasmotron,DC=com","User","krbtgt","True","MATHIASMOTRON\Cert Publishers","MATHIASMOTRON\Cert Publishers","Allow","ReadProperty, WriteProperty","False","True","False"
"mathiasmotron.com","CN=krbtgt,CN=Users,DC=mathiasmotron,DC=com","User","krbtgt","True","MATHIASMOTRON\Domain Admins","MATHIASMOTRON\Domain Admins","Allow","CreateChild, DeleteChild, Self, WriteProperty, ExtendedRight, GenericRead, WriteDacl, WriteOwner","False","True","False"
"mathiasmotron.com","CN=krbtgt,CN=Users,DC=mathiasmotron,DC=com","User","krbtgt","True","MATHIASMOTRON\Enterprise Admins","MATHIASMOTRON\Enterprise Admins","Allow","CreateChild, DeleteChild, Self, WriteProperty, ExtendedRight, GenericRead, WriteDacl, WriteOwner","False","True","False"
"mathiasmotron.com","CN=krbtgt,CN=Users,DC=mathiasmotron,DC=com","User","krbtgt","True","MATHIASMOTRON\krbtgt","MATHIASMOTRON\krbtgt","Allow","GenericRead","False","False","True"
"mathiasmotron.com","CN=krbtgt,CN=Users,DC=mathiasmotron,DC=com","User","krbtgt","True","NT AUTHORITY\Authenticated Users","NT AUTHORITY\Authenticated Users","Allow","ReadProperty","False","True","False"
"mathiasmotron.com","CN=krbtgt,CN=Users,DC=mathiasmotron,DC=com","User","krbtgt","True","NT AUTHORITY\Authenticated Users","NT AUTHORITY\Authenticated Users","Allow","GenericRead","False","True","False"
"mathiasmotron.com","CN=krbtgt,CN=Users,DC=mathiasmotron,DC=com","User","krbtgt","True","NT AUTHORITY\NETWORK SERVICE","NT AUTHORITY\NETWORK SERVICE","Allow","ReadProperty","False","True","False"
"mathiasmotron.com","CN=krbtgt,CN=Users,DC=mathiasmotron,DC=com","User","krbtgt","True","NT AUTHORITY\SELF","NT AUTHORITY\SELF","Allow","ReadProperty, WriteProperty, ExtendedRight","False","True","False"
"mathiasmotron.com","CN=krbtgt,CN=Users,DC=mathiasmotron,DC=com","User","krbtgt","True","NT AUTHORITY\SELF","NT AUTHORITY\SELF","Allow","ExtendedRight","False","True","False"
"mathiasmotron.com","CN=krbtgt,CN=Users,DC=mathiasmotron,DC=com","User","krbtgt","True","NT AUTHORITY\SYSTEM","NT AUTHORITY\SYSTEM","Allow","GenericAll","False","True","False"
"mathiasmotron.com","CN=krbtgt,CN=Users,DC=mathiasmotron,DC=com","User","krbtgt","True","S-1-5-32-554","S-1-5-32-554","Allow","GenericRead","False","False","True"
"mathiasmotron.com","CN=krbtgt,CN=Users,DC=mathiasmotron,DC=com","User","krbtgt","True","S-1-5-32-560","S-1-5-32-560","Allow","ReadProperty","False","False","True"
"mathiasmotron.com","CN=krbtgt,CN=Users,DC=mathiasmotron,DC=com","User","krbtgt","True","S-1-5-32-561","S-1-5-32-561","Allow","ReadProperty, WriteProperty","False","False","True"
"mathiasmotron.com","CN=krbtgt,CN=Users,DC=mathiasmotron,DC=com","User","krbtgt","True","S-1-5-32-561","S-1-5-32-561","Allow","ReadProperty, WriteProperty","False","False","True"
"mathiasmotron.com","CN=mathiasadmin,OU=PRIVILEGED USERS,OU=USERS,OU=PRD,DC=mathiasmotron,DC=com","User","mathiasadmin","True","BUILTIN\Administrators","BUILTIN\Administrators","Allow","CreateChild, DeleteChild, Self, WriteProperty, ExtendedRight, Delete, GenericRead, WriteDacl, WriteOwner","False","True","False"
"mathiasmotron.com","CN=mathiasadmin,OU=PRIVILEGED USERS,OU=USERS,OU=PRD,DC=mathiasmotron,DC=com","User","mathiasadmin","True","Everyone","Everyone","Allow","ExtendedRight","False","True","False"
"mathiasmotron.com","CN=mathiasadmin,OU=PRIVILEGED USERS,OU=USERS,OU=PRD,DC=mathiasmotron,DC=com","User","mathiasadmin","True","MATHIASMOTRON\Cert Publishers","MATHIASMOTRON\Cert Publishers","Allow","ReadProperty, WriteProperty","False","True","False"
"mathiasmotron.com","CN=mathiasadmin,OU=PRIVILEGED USERS,OU=USERS,OU=PRD,DC=mathiasmotron,DC=com","User","mathiasadmin","True","MATHIASMOTRON\Domain Admins","MATHIASMOTRON\Domain Admins","Allow","CreateChild, DeleteChild, Self, WriteProperty, ExtendedRight, GenericRead, WriteDacl, WriteOwner","False","True","False"
"mathiasmotron.com","CN=mathiasadmin,OU=PRIVILEGED USERS,OU=USERS,OU=PRD,DC=mathiasmotron,DC=com","User","mathiasadmin","True","MATHIASMOTRON\Enterprise Admins","MATHIASMOTRON\Enterprise Admins","Allow","CreateChild, DeleteChild, Self, WriteProperty, ExtendedRight, GenericRead, WriteDacl, WriteOwner","False","True","False"
"mathiasmotron.com","CN=mathiasadmin,OU=PRIVILEGED USERS,OU=USERS,OU=PRD,DC=mathiasmotron,DC=com","User","mathiasadmin","True","MATHIASMOTRON\krbtgt","MATHIASMOTRON\krbtgt","Allow","GenericRead","False","False","True"
"mathiasmotron.com","CN=mathiasadmin,OU=PRIVILEGED USERS,OU=USERS,OU=PRD,DC=mathiasmotron,DC=com","User","mathiasadmin","True","NT AUTHORITY\Authenticated Users","NT AUTHORITY\Authenticated Users","Allow","ReadProperty","False","True","False"
"mathiasmotron.com","CN=mathiasadmin,OU=PRIVILEGED USERS,OU=USERS,OU=PRD,DC=mathiasmotron,DC=com","User","mathiasadmin","True","NT AUTHORITY\Authenticated Users","NT AUTHORITY\Authenticated Users","Allow","GenericRead","False","True","False"
"mathiasmotron.com","CN=mathiasadmin,OU=PRIVILEGED USERS,OU=USERS,OU=PRD,DC=mathiasmotron,DC=com","User","mathiasadmin","True","NT AUTHORITY\NETWORK SERVICE","NT AUTHORITY\NETWORK SERVICE","Allow","ReadProperty","False","True","False"
"mathiasmotron.com","CN=mathiasadmin,OU=PRIVILEGED USERS,OU=USERS,OU=PRD,DC=mathiasmotron,DC=com","User","mathiasadmin","True","NT AUTHORITY\SELF","NT AUTHORITY\SELF","Allow","ReadProperty, WriteProperty, ExtendedRight","False","True","False"
"mathiasmotron.com","CN=mathiasadmin,OU=PRIVILEGED USERS,OU=USERS,OU=PRD,DC=mathiasmotron,DC=com","User","mathiasadmin","True","NT AUTHORITY\SELF","NT AUTHORITY\SELF","Allow","ExtendedRight","False","True","False"
"mathiasmotron.com","CN=mathiasadmin,OU=PRIVILEGED USERS,OU=USERS,OU=PRD,DC=mathiasmotron,DC=com","User","mathiasadmin","True","NT AUTHORITY\SYSTEM","NT AUTHORITY\SYSTEM","Allow","GenericAll","False","True","False"
"mathiasmotron.com","CN=mathiasadmin,OU=PRIVILEGED USERS,OU=USERS,OU=PRD,DC=mathiasmotron,DC=com","User","mathiasadmin","True","S-1-5-32-554","S-1-5-32-554","Allow","GenericRead","False","False","True"
"mathiasmotron.com","CN=mathiasadmin,OU=PRIVILEGED USERS,OU=USERS,OU=PRD,DC=mathiasmotron,DC=com","User","mathiasadmin","True","S-1-5-32-560","S-1-5-32-560","Allow","ReadProperty","False","False","True"
"mathiasmotron.com","CN=mathiasadmin,OU=PRIVILEGED USERS,OU=USERS,OU=PRD,DC=mathiasmotron,DC=com","User","mathiasadmin","True","S-1-5-32-561","S-1-5-32-561","Allow","ReadProperty, WriteProperty","False","False","True"
"mathiasmotron.com","CN=mathiasadmin,OU=PRIVILEGED USERS,OU=USERS,OU=PRD,DC=mathiasmotron,DC=com","User","mathiasadmin","True","S-1-5-32-561","S-1-5-32-561","Allow","ReadProperty, WriteProperty","False","False","True"
"mathiasmotron.com","CN=SVC AdminLdapv3,OU=SVC ACCOUNTS,OU=PRD,DC=mathiasmotron,DC=com","User","svc.adminldapv3","True","BUILTIN\Administrators","BUILTIN\Administrators","Allow","CreateChild, DeleteChild, Self, WriteProperty, ExtendedRight, Delete, GenericRead, WriteDacl, WriteOwner","False","True","False"
"mathiasmotron.com","CN=SVC AdminLdapv3,OU=SVC ACCOUNTS,OU=PRD,DC=mathiasmotron,DC=com","User","svc.adminldapv3","True","Everyone","Everyone","Allow","ExtendedRight","False","True","False"
"mathiasmotron.com","CN=SVC AdminLdapv3,OU=SVC ACCOUNTS,OU=PRD,DC=mathiasmotron,DC=com","User","svc.adminldapv3","True","MATHIASMOTRON\Cert Publishers","MATHIASMOTRON\Cert Publishers","Allow","ReadProperty, WriteProperty","False","True","False"
"mathiasmotron.com","CN=SVC AdminLdapv3,OU=SVC ACCOUNTS,OU=PRD,DC=mathiasmotron,DC=com","User","svc.adminldapv3","True","MATHIASMOTRON\Domain Admins","MATHIASMOTRON\Domain Admins","Allow","CreateChild, DeleteChild, Self, WriteProperty, ExtendedRight, GenericRead, WriteDacl, WriteOwner","False","True","False"
"mathiasmotron.com","CN=SVC AdminLdapv3,OU=SVC ACCOUNTS,OU=PRD,DC=mathiasmotron,DC=com","User","svc.adminldapv3","True","MATHIASMOTRON\Enterprise Admins","MATHIASMOTRON\Enterprise Admins","Allow","CreateChild, DeleteChild, Self, WriteProperty, ExtendedRight, GenericRead, WriteDacl, WriteOwner","False","True","False"
"mathiasmotron.com","CN=SVC AdminLdapv3,OU=SVC ACCOUNTS,OU=PRD,DC=mathiasmotron,DC=com","User","svc.adminldapv3","True","MATHIASMOTRON\krbtgt","MATHIASMOTRON\krbtgt","Allow","GenericRead","False","False","True"
"mathiasmotron.com","CN=SVC AdminLdapv3,OU=SVC ACCOUNTS,OU=PRD,DC=mathiasmotron,DC=com","User","svc.adminldapv3","True","NT AUTHORITY\Authenticated Users","NT AUTHORITY\Authenticated Users","Allow","GenericRead","False","True","False"
"mathiasmotron.com","CN=SVC AdminLdapv3,OU=SVC ACCOUNTS,OU=PRD,DC=mathiasmotron,DC=com","User","svc.adminldapv3","True","NT AUTHORITY\Authenticated Users","NT AUTHORITY\Authenticated Users","Allow","ReadProperty","False","True","False"
"mathiasmotron.com","CN=SVC AdminLdapv3,OU=SVC ACCOUNTS,OU=PRD,DC=mathiasmotron,DC=com","User","svc.adminldapv3","True","NT AUTHORITY\NETWORK SERVICE","NT AUTHORITY\NETWORK SERVICE","Allow","ReadProperty","False","True","False"
"mathiasmotron.com","CN=SVC AdminLdapv3,OU=SVC ACCOUNTS,OU=PRD,DC=mathiasmotron,DC=com","User","svc.adminldapv3","True","NT AUTHORITY\SELF","NT AUTHORITY\SELF","Allow","ExtendedRight","False","True","False"
"mathiasmotron.com","CN=SVC AdminLdapv3,OU=SVC ACCOUNTS,OU=PRD,DC=mathiasmotron,DC=com","User","svc.adminldapv3","True","NT AUTHORITY\SELF","NT AUTHORITY\SELF","Allow","ReadProperty, WriteProperty, ExtendedRight","False","True","False"
"mathiasmotron.com","CN=SVC AdminLdapv3,OU=SVC ACCOUNTS,OU=PRD,DC=mathiasmotron,DC=com","User","svc.adminldapv3","True","NT AUTHORITY\SYSTEM","NT AUTHORITY\SYSTEM","Allow","GenericAll","False","True","False"
"mathiasmotron.com","CN=SVC AdminLdapv3,OU=SVC ACCOUNTS,OU=PRD,DC=mathiasmotron,DC=com","User","svc.adminldapv3","True","S-1-5-32-554","S-1-5-32-554","Allow","GenericRead","False","False","True"
"mathiasmotron.com","CN=SVC AdminLdapv3,OU=SVC ACCOUNTS,OU=PRD,DC=mathiasmotron,DC=com","User","svc.adminldapv3","True","S-1-5-32-560","S-1-5-32-560","Allow","ReadProperty","False","False","True"
"mathiasmotron.com","CN=SVC AdminLdapv3,OU=SVC ACCOUNTS,OU=PRD,DC=mathiasmotron,DC=com","User","svc.adminldapv3","True","S-1-5-32-561","S-1-5-32-561","Allow","ReadProperty, WriteProperty","False","False","True"
"mathiasmotron.com","CN=SVC AdminLdapv3,OU=SVC ACCOUNTS,OU=PRD,DC=mathiasmotron,DC=com","User","svc.adminldapv3","True","S-1-5-32-561","S-1-5-32-561","Allow","ReadProperty, WriteProperty","False","False","True"
"mathiasmotron.com","CN=SVC MIM.MA.Service1,OU=SVC ACCOUNTS,OU=PRD,DC=mathiasmotron,DC=com","User","svc.ma.service1","True","BUILTIN\Administrators","BUILTIN\Administrators","Allow","CreateChild, DeleteChild, Self, WriteProperty, ExtendedRight, Delete, GenericRead, WriteDacl, WriteOwner","False","True","False"
"mathiasmotron.com","CN=SVC MIM.MA.Service1,OU=SVC ACCOUNTS,OU=PRD,DC=mathiasmotron,DC=com","User","svc.ma.service1","True","Everyone","Everyone","Allow","ExtendedRight","False","True","False"
"mathiasmotron.com","CN=SVC MIM.MA.Service1,OU=SVC ACCOUNTS,OU=PRD,DC=mathiasmotron,DC=com","User","svc.ma.service1","True","MATHIASMOTRON\Cert Publishers","MATHIASMOTRON\Cert Publishers","Allow","ReadProperty, WriteProperty","False","True","False"
"mathiasmotron.com","CN=SVC MIM.MA.Service1,OU=SVC ACCOUNTS,OU=PRD,DC=mathiasmotron,DC=com","User","svc.ma.service1","True","MATHIASMOTRON\Domain Admins","MATHIASMOTRON\Domain Admins","Allow","CreateChild, DeleteChild, Self, WriteProperty, ExtendedRight, GenericRead, WriteDacl, WriteOwner","False","True","False"
"mathiasmotron.com","CN=SVC MIM.MA.Service1,OU=SVC ACCOUNTS,OU=PRD,DC=mathiasmotron,DC=com","User","svc.ma.service1","True","MATHIASMOTRON\Enterprise Admins","MATHIASMOTRON\Enterprise Admins","Allow","CreateChild, DeleteChild, Self, WriteProperty, ExtendedRight, GenericRead, WriteDacl, WriteOwner","False","True","False"
"mathiasmotron.com","CN=SVC MIM.MA.Service1,OU=SVC ACCOUNTS,OU=PRD,DC=mathiasmotron,DC=com","User","svc.ma.service1","True","MATHIASMOTRON\krbtgt","MATHIASMOTRON\krbtgt","Allow","GenericRead","False","False","True"
"mathiasmotron.com","CN=SVC MIM.MA.Service1,OU=SVC ACCOUNTS,OU=PRD,DC=mathiasmotron,DC=com","User","svc.ma.service1","True","NT AUTHORITY\Authenticated Users","NT AUTHORITY\Authenticated Users","Allow","ReadProperty","False","True","False"
"mathiasmotron.com","CN=SVC MIM.MA.Service1,OU=SVC ACCOUNTS,OU=PRD,DC=mathiasmotron,DC=com","User","svc.ma.service1","True","NT AUTHORITY\Authenticated Users","NT AUTHORITY\Authenticated Users","Allow","GenericRead","False","True","False"
"mathiasmotron.com","CN=SVC MIM.MA.Service1,OU=SVC ACCOUNTS,OU=PRD,DC=mathiasmotron,DC=com","User","svc.ma.service1","True","NT AUTHORITY\NETWORK SERVICE","NT AUTHORITY\NETWORK SERVICE","Allow","ReadProperty","False","True","False"
"mathiasmotron.com","CN=SVC MIM.MA.Service1,OU=SVC ACCOUNTS,OU=PRD,DC=mathiasmotron,DC=com","User","svc.ma.service1","True","NT AUTHORITY\SELF","NT AUTHORITY\SELF","Allow","ExtendedRight","False","True","False"
"mathiasmotron.com","CN=SVC MIM.MA.Service1,OU=SVC ACCOUNTS,OU=PRD,DC=mathiasmotron,DC=com","User","svc.ma.service1","True","NT AUTHORITY\SELF","NT AUTHORITY\SELF","Allow","ReadProperty, WriteProperty, ExtendedRight","False","True","False"
"mathiasmotron.com","CN=SVC MIM.MA.Service1,OU=SVC ACCOUNTS,OU=PRD,DC=mathiasmotron,DC=com","User","svc.ma.service1","True","NT AUTHORITY\SYSTEM","NT AUTHORITY\SYSTEM","Allow","GenericAll","False","True","False"
"mathiasmotron.com","CN=SVC MIM.MA.Service1,OU=SVC ACCOUNTS,OU=PRD,DC=mathiasmotron,DC=com","User","svc.ma.service1","True","S-1-5-32-554","S-1-5-32-554","Allow","GenericRead","False","False","True"
"mathiasmotron.com","CN=SVC MIM.MA.Service1,OU=SVC ACCOUNTS,OU=PRD,DC=mathiasmotron,DC=com","User","svc.ma.service1","True","S-1-5-32-560","S-1-5-32-560","Allow","ReadProperty","False","False","True"
"mathiasmotron.com","CN=SVC MIM.MA.Service1,OU=SVC ACCOUNTS,OU=PRD,DC=mathiasmotron,DC=com","User","svc.ma.service1","True","S-1-5-32-561","S-1-5-32-561","Allow","ReadProperty, WriteProperty","False","False","True"
"mathiasmotron.com","CN=SVC MIM.MA.Service1,OU=SVC ACCOUNTS,OU=PRD,DC=mathiasmotron,DC=com","User","svc.ma.service1","True","S-1-5-32-561","S-1-5-32-561","Allow","ReadProperty, WriteProperty","False","False","True"
"mathiasmotron.com","CN=SVC MIM.MAAD,OU=SVC ACCOUNTS,OU=PRD,DC=mathiasmotron,DC=com","User","svc.mim.maad","True","BUILTIN\Administrators","BUILTIN\Administrators","Allow","CreateChild, DeleteChild, Self, WriteProperty, ExtendedRight, Delete, GenericRead, WriteDacl, WriteOwner","False","True","False"
"mathiasmotron.com","CN=SVC MIM.MAAD,OU=SVC ACCOUNTS,OU=PRD,DC=mathiasmotron,DC=com","User","svc.mim.maad","True","Everyone","Everyone","Allow","ExtendedRight","False","True","False"
"mathiasmotron.com","CN=SVC MIM.MAAD,OU=SVC ACCOUNTS,OU=PRD,DC=mathiasmotron,DC=com","User","svc.mim.maad","True","MATHIASMOTRON\Cert Publishers","MATHIASMOTRON\Cert Publishers","Allow","ReadProperty, WriteProperty","False","True","False"
"mathiasmotron.com","CN=SVC MIM.MAAD,OU=SVC ACCOUNTS,OU=PRD,DC=mathiasmotron,DC=com","User","svc.mim.maad","True","MATHIASMOTRON\Domain Admins","MATHIASMOTRON\Domain Admins","Allow","CreateChild, DeleteChild, Self, WriteProperty, ExtendedRight, GenericRead, WriteDacl, WriteOwner","False","True","False"
"mathiasmotron.com","CN=SVC MIM.MAAD,OU=SVC ACCOUNTS,OU=PRD,DC=mathiasmotron,DC=com","User","svc.mim.maad","True","MATHIASMOTRON\Enterprise Admins","MATHIASMOTRON\Enterprise Admins","Allow","CreateChild, DeleteChild, Self, WriteProperty, ExtendedRight, GenericRead, WriteDacl, WriteOwner","False","True","False"
"mathiasmotron.com","CN=SVC MIM.MAAD,OU=SVC ACCOUNTS,OU=PRD,DC=mathiasmotron,DC=com","User","svc.mim.maad","True","MATHIASMOTRON\krbtgt","MATHIASMOTRON\krbtgt","Allow","GenericRead","False","False","True"
"mathiasmotron.com","CN=SVC MIM.MAAD,OU=SVC ACCOUNTS,OU=PRD,DC=mathiasmotron,DC=com","User","svc.mim.maad","True","NT AUTHORITY\Authenticated Users","NT AUTHORITY\Authenticated Users","Allow","GenericRead","False","True","False"
"mathiasmotron.com","CN=SVC MIM.MAAD,OU=SVC ACCOUNTS,OU=PRD,DC=mathiasmotron,DC=com","User","svc.mim.maad","True","NT AUTHORITY\Authenticated Users","NT AUTHORITY\Authenticated Users","Allow","ReadProperty","False","True","False"
"mathiasmotron.com","CN=SVC MIM.MAAD,OU=SVC ACCOUNTS,OU=PRD,DC=mathiasmotron,DC=com","User","svc.mim.maad","True","NT AUTHORITY\NETWORK SERVICE","NT AUTHORITY\NETWORK SERVICE","Allow","ReadProperty","False","True","False"
"mathiasmotron.com","CN=SVC MIM.MAAD,OU=SVC ACCOUNTS,OU=PRD,DC=mathiasmotron,DC=com","User","svc.mim.maad","True","NT AUTHORITY\SELF","NT AUTHORITY\SELF","Allow","ExtendedRight","False","True","False"
"mathiasmotron.com","CN=SVC MIM.MAAD,OU=SVC ACCOUNTS,OU=PRD,DC=mathiasmotron,DC=com","User","svc.mim.maad","True","NT AUTHORITY\SELF","NT AUTHORITY\SELF","Allow","ReadProperty, WriteProperty, ExtendedRight","False","True","False"
"mathiasmotron.com","CN=SVC MIM.MAAD,OU=SVC ACCOUNTS,OU=PRD,DC=mathiasmotron,DC=com","User","svc.mim.maad","True","NT AUTHORITY\SYSTEM","NT AUTHORITY\SYSTEM","Allow","GenericAll","False","True","False"
"mathiasmotron.com","CN=SVC MIM.MAAD,OU=SVC ACCOUNTS,OU=PRD,DC=mathiasmotron,DC=com","User","svc.mim.maad","True","S-1-5-32-554","S-1-5-32-554","Allow","GenericRead","False","False","True"
"mathiasmotron.com","CN=SVC MIM.MAAD,OU=SVC ACCOUNTS,OU=PRD,DC=mathiasmotron,DC=com","User","svc.mim.maad","True","S-1-5-32-560","S-1-5-32-560","Allow","ReadProperty","False","False","True"
"mathiasmotron.com","CN=SVC MIM.MAAD,OU=SVC ACCOUNTS,OU=PRD,DC=mathiasmotron,DC=com","User","svc.mim.maad","True","S-1-5-32-561","S-1-5-32-561","Allow","ReadProperty, WriteProperty","False","False","True"
"mathiasmotron.com","CN=SVC MIM.MAAD,OU=SVC ACCOUNTS,OU=PRD,DC=mathiasmotron,DC=com","User","svc.mim.maad","True","S-1-5-32-561","S-1-5-32-561","Allow","ReadProperty, WriteProperty","False","False","True"
"mathiasmotron.com","CN=SVC MIMService1,OU=SVC ACCOUNTS,OU=PRD,DC=mathiasmotron,DC=com","User","svc.mimservice1","True","BUILTIN\Administrators","BUILTIN\Administrators","Allow","CreateChild, DeleteChild, Self, WriteProperty, ExtendedRight, Delete, GenericRead, WriteDacl, WriteOwner","False","True","False"
"mathiasmotron.com","CN=SVC MIMService1,OU=SVC ACCOUNTS,OU=PRD,DC=mathiasmotron,DC=com","User","svc.mimservice1","True","Everyone","Everyone","Allow","ExtendedRight","False","True","False"
"mathiasmotron.com","CN=SVC MIMService1,OU=SVC ACCOUNTS,OU=PRD,DC=mathiasmotron,DC=com","User","svc.mimservice1","True","MATHIASMOTRON\Cert Publishers","MATHIASMOTRON\Cert Publishers","Allow","ReadProperty, WriteProperty","False","True","False"
"mathiasmotron.com","CN=SVC MIMService1,OU=SVC ACCOUNTS,OU=PRD,DC=mathiasmotron,DC=com","User","svc.mimservice1","True","MATHIASMOTRON\Domain Admins","MATHIASMOTRON\Domain Admins","Allow","CreateChild, DeleteChild, Self, WriteProperty, ExtendedRight, GenericRead, WriteDacl, WriteOwner","False","True","False"
"mathiasmotron.com","CN=SVC MIMService1,OU=SVC ACCOUNTS,OU=PRD,DC=mathiasmotron,DC=com","User","svc.mimservice1","True","MATHIASMOTRON\Enterprise Admins","MATHIASMOTRON\Enterprise Admins","Allow","CreateChild, DeleteChild, Self, WriteProperty, ExtendedRight, GenericRead, WriteDacl, WriteOwner","False","True","False"
"mathiasmotron.com","CN=SVC MIMService1,OU=SVC ACCOUNTS,OU=PRD,DC=mathiasmotron,DC=com","User","svc.mimservice1","True","MATHIASMOTRON\krbtgt","MATHIASMOTRON\krbtgt","Allow","GenericRead","False","False","True"
"mathiasmotron.com","CN=SVC MIMService1,OU=SVC ACCOUNTS,OU=PRD,DC=mathiasmotron,DC=com","User","svc.mimservice1","True","NT AUTHORITY\Authenticated Users","NT AUTHORITY\Authenticated Users","Allow","ReadProperty","False","True","False"
"mathiasmotron.com","CN=SVC MIMService1,OU=SVC ACCOUNTS,OU=PRD,DC=mathiasmotron,DC=com","User","svc.mimservice1","True","NT AUTHORITY\Authenticated Users","NT AUTHORITY\Authenticated Users","Allow","GenericRead","False","True","False"
"mathiasmotron.com","CN=SVC MIMService1,OU=SVC ACCOUNTS,OU=PRD,DC=mathiasmotron,DC=com","User","svc.mimservice1","True","NT AUTHORITY\NETWORK SERVICE","NT AUTHORITY\NETWORK SERVICE","Allow","ReadProperty","False","True","False"
"mathiasmotron.com","CN=SVC MIMService1,OU=SVC ACCOUNTS,OU=PRD,DC=mathiasmotron,DC=com","User","svc.mimservice1","True","NT AUTHORITY\SELF","NT AUTHORITY\SELF","Allow","ExtendedRight","False","True","False"
"mathiasmotron.com","CN=SVC MIMService1,OU=SVC ACCOUNTS,OU=PRD,DC=mathiasmotron,DC=com","User","svc.mimservice1","True","NT AUTHORITY\SELF","NT AUTHORITY\SELF","Allow","ReadProperty, WriteProperty, ExtendedRight","False","True","False"
"mathiasmotron.com","CN=SVC MIMService1,OU=SVC ACCOUNTS,OU=PRD,DC=mathiasmotron,DC=com","User","svc.mimservice1","True","NT AUTHORITY\SYSTEM","NT AUTHORITY\SYSTEM","Allow","GenericAll","False","True","False"
"mathiasmotron.com","CN=SVC MIMService1,OU=SVC ACCOUNTS,OU=PRD,DC=mathiasmotron,DC=com","User","svc.mimservice1","True","S-1-5-32-554","S-1-5-32-554","Allow","GenericRead","False","False","True"
"mathiasmotron.com","CN=SVC MIMService1,OU=SVC ACCOUNTS,OU=PRD,DC=mathiasmotron,DC=com","User","svc.mimservice1","True","S-1-5-32-560","S-1-5-32-560","Allow","ReadProperty","False","False","True"
"mathiasmotron.com","CN=SVC MIMService1,OU=SVC ACCOUNTS,OU=PRD,DC=mathiasmotron,DC=com","User","svc.mimservice1","True","S-1-5-32-561","S-1-5-32-561","Allow","ReadProperty, WriteProperty","False","False","True"
"mathiasmotron.com","CN=SVC MIMService1,OU=SVC ACCOUNTS,OU=PRD,DC=mathiasmotron,DC=com","User","svc.mimservice1","True","S-1-5-32-561","S-1-5-32-561","Allow","ReadProperty, WriteProperty","False","False","True"
